ID,x_1,y_1,z_1
R1107_1,-0.9891852,0.9712356,-1.0899961
R1107_2,0.512747,1.145988,0.37029997
R1107_3,1.5475465,0.5422847,-0.89935035
R1107_4,1.1863152,1.0767841,0.17663318
R1107_5,0.6647857,1.5864003,-0.076018624
R1107_6,1.1182913,1.3300563,-0.3890437
R1107_7,0.10404076,1.1347365,0.13300547
R1107_8,-0.46937472,0.6123102,-0.31859764
R1107_9,-0.2516173,0.43987492,0.06001178
R1107_10,-0.26549497,-0.41417482,-0.13306037
R1107_11,0.011496881,0.17621335,0.044404514
R1107_12,-1.1041507,-0.7774819,1.3852042
R1107_13,-1.2309644,-0.87851113,0.65887153
R1107_14,0.27219778,-0.2748655,-0.6169203
R1107_15,-1.1208726,0.39511672,1.0282502
R1107_16,0.117736354,-0.13305727,0.52201873
R1107_17,-1.6331428,-0.45741752,-0.33987764
R1107_18,-1.010678,0.34797984,-0.5670603
R1107_19,-0.83281565,-0.28082183,-0.48674986
R1107_20,-0.87818986,0.4564329,-0.5771654
R1107_21,-0.4785709,-0.5218083,-0.62196654
R1107_22,-0.7221206,-1.0106162,-0.4781712
R1107_23,-1.327051,-0.96969384,0.24218485
R1107_24,-1.0164914,-0.43453327,0.28074
R1107_25,0.0626179,-0.54596865,-0.63287324
R1107_26,-0.9717825,-0.050444506,1.007489
R1107_27,-1.0288607,0.1912415,0.7327966
R1107_28,-1.0710365,-0.11748404,0.7848046
R1107_29,-0.9667091,-0.87800384,0.8134889
R1107_30,1.0447278,-0.14693922,0.43778938
R1107_31,0.307514,1.3213233,0.08374188
R1107_32,-1.1176047,-1.153218,0.78582627
R1107_33,0.045047387,-0.07629159,-0.8462457
R1107_34,0.1447816,-0.93447053,-0.33144197
R1107_35,-0.29305452,-0.5166215,0.60133743
R1107_36,0.095188215,-0.20870471,1.1864676
R1107_37,-0.90429264,0.7312267,0.47939005
R1107_38,-1.7716851,-0.8090145,0.86425185
R1107_39,-1.1511285,0.12915355,0.66010195
R1107_40,-0.91050535,-0.43420863,0.040163673
R1107_41,-0.9178584,-1.2469287,0.9013565
R1107_42,-1.0272282,-1.8942206,0.29571712
R1107_43,-0.3954049,0.04518517,-0.22118291
R1107_44,0.9823409,0.45170364,-0.35280392
R1107_45,0.20647399,-0.83814865,0.58630496
R1107_46,0.6242083,0.21177241,-0.9806016
R1107_47,0.25473592,1.0329404,-0.24576324
R1107_48,1.2045096,0.60581905,0.18665165
R1107_49,0.6772371,0.49971613,0.4908115
R1107_50,0.90312415,0.3503817,-1.3160877
R1107_51,0.26879287,-0.30933154,-0.11718132
R1107_52,0.4356072,0.42222065,0.9568526
R1107_53,-0.97063905,-0.08655513,0.25718167
R1107_54,-0.4203103,0.12923849,1.0035192
R1107_55,-0.23012827,-0.27348033,0.1659874
R1107_56,0.16902299,-0.443633,0.24782401
R1107_57,0.9855184,-0.0851912,0.027336083
R1107_58,0.45768172,-0.27497488,0.07252849
R1107_59,-0.14271514,-1.3748137,0.49974552
R1107_60,-0.29541025,-0.9699231,0.48374423
R1107_61,-0.09654791,-0.81841624,0.18207821
R1107_62,-0.6237764,-0.3951535,-0.18190378
R1107_63,1.1971713,0.13959104,-0.6059229
R1107_64,0.7990776,0.11263236,-0.22206157
R1107_65,1.4257488,-0.27811137,-0.5611634
R1107_66,1.2474176,0.9331688,-0.15352726
R1107_67,1.8568581,0.91674656,-0.6347639
R1107_68,0.9759315,-0.18920267,-0.75981903
R1107_69,2.0544426,0.5531774,-0.04463868
R1108_1,-0.84786505,0.28864548,-0.6788907
R1108_2,0.753517,0.95191014,0.19082332
R1108_3,1.6235898,-0.20674372,-0.43686318
R1108_4,1.1920586,0.7076024,0.053525954
R1108_5,1.04015,1.2484274,0.18030122
R1108_6,1.0019964,1.0500703,-0.7660163
R1108_7,0.27372858,1.1121739,0.083758794
R1108_8,-0.44065362,0.6020302,-0.3894923
R1108_9,0.050861284,-0.09310732,0.26302704
R1108_10,-0.4773289,-0.50851303,0.084083505
R1108_11,0.10059972,0.2082648,-0.111695625
R1108_12,-0.77401996,-0.069735,0.7852313
R1108_13,-1.2169075,-0.16194108,0.5003287
R1108_14,0.22394665,-0.24242187,-0.786272
R1108_15,-1.0717357,0.63821614,0.8442229
R1108_16,0.10428876,-0.23507997,0.7376737
R1108_17,-1.5446682,0.1919288,0.23616818
R1108_18,-0.7738579,0.7618411,-0.9438921
R1108_19,-0.894644,-0.35510662,-0.49535206
R1108_20,-0.7569117,0.570183,-0.35347918
R1108_21,-0.3169983,-0.010707535,-0.47483206
R1108_22,-0.50209606,-0.6599419,-0.34852323
R1108_23,-1.2826995,-0.6890258,0.3974465
R1108_24,-1.2235496,0.14311174,-0.49194553
R1108_25,-0.42289054,-0.550267,-0.67302984
R1108_26,-0.87678313,0.5882819,0.7679991
R1108_27,-0.8993494,-0.16554105,0.7617516
R1108_28,-0.12543942,0.37963918,0.81940544
R1108_29,-1.1809145,-0.6710825,1.0151749
R1108_30,0.3273819,0.77071303,-0.3548905
R1108_31,-0.1062776,1.2221835,-0.12462046
R1108_32,-0.30331364,0.66754115,0.69074744
R1108_33,-1.0498931,0.19616416,0.30513352
R1108_34,-0.8508466,-0.4833773,0.8018658
R1108_35,-0.6193112,0.2534445,1.0950313
R1108_36,0.10676111,0.38720983,0.9731843
R1108_37,-1.2052836,0.7501695,0.32167423
R1108_38,-1.5882643,-0.2764521,0.96542925
R1108_39,-0.7036313,-0.2211994,0.6431787
R1108_40,-0.8725076,-0.19540834,0.43503866
R1108_41,-0.5645123,-0.9721381,0.47279945
R1108_42,-0.84780353,-0.81436527,0.59150845
R1108_43,-0.04808739,0.33318415,-0.44665483
R1108_44,0.9022253,0.6195463,-0.027933083
R1108_45,-0.026786042,-0.8065043,0.21541685
R1108_46,-0.17815593,0.3403603,-1.0592573
R1108_47,0.31302756,0.11940413,-0.56441003
R1108_48,0.7736184,-0.1574972,-0.8193208
R1108_49,0.700383,-0.40011755,-0.2805617
R1108_50,0.89372605,-0.15835127,-0.6803549
R1108_51,0.41356736,-0.21113572,-0.4601328
R1108_52,0.08585803,-0.24194309,0.73798317
R1108_53,-1.0311818,0.3315431,0.4166314
R1108_54,-0.016151858,0.8715947,0.67740303
R1108_55,-0.45844752,-0.54491264,-0.8620583
R1108_56,0.5929156,-0.23649517,-0.16809642
R1108_57,0.29226696,-0.3011435,0.23125696
R1108_58,0.2434419,-0.6223723,0.03872291
R1108_59,-0.40847707,-0.91392845,0.7739245
R1108_60,0.4389792,-1.1670308,0.12649897
R1108_61,0.3260747,-0.5812584,-0.09534957
R1108_62,0.22266068,-0.82721204,0.39818925
R1108_63,1.0787326,-0.28864267,-1.0087769
R1108_64,1.0614511,-0.7325628,-0.33546838
R1108_65,1.3897654,-0.15963313,-0.06008955
R1108_66,1.4556118,0.07358169,-0.34395644
R1108_67,2.0201335,0.62177545,-0.58293384
R1108_68,0.7849172,-0.6178203,-1.4217341
R1108_69,2.0236363,0.52319145,0.5804354
R1116_1,-0.06966505,1.1366892,-1.2387525
R1116_2,-0.6288892,0.9595062,-0.9082578
R1116_3,-0.10529591,-0.5663777,0.09269429
R1116_4,-1.6627294,0.57836896,-0.18742678
R1116_5,-0.54327756,-0.2552081,0.2452147
R1116_6,0.013195371,0.07220618,0.85103345
R1116_7,-0.066052616,0.18598118,0.48824033
R1116_8,0.48830384,-0.49999258,-0.006282337
R1116_9,-0.12450732,-0.21805322,0.7908179
R1116_10,0.48253012,0.22093207,0.59593636
R1116_11,0.24158613,0.12564838,1.1918247
R1116_12,-0.38197678,0.031763755,-0.10951317
R1116_13,0.17259458,0.5589518,-0.6492222
R1116_14,1.0401176,-0.44460836,0.39100483
R1116_15,0.31659156,-0.2880505,0.45441148
R1116_16,-0.20927235,0.0943295,0.17811123
R1116_17,-0.99954456,-0.28161657,-0.16950807
R1116_18,0.53956723,-0.6103632,-0.24171811
R1116_19,0.4854133,0.3054229,0.17609242
R1116_20,-0.61850464,-0.088080086,-0.16972661
R1116_21,0.65879637,-0.3438253,-0.58797586
R1116_22,0.50687116,-0.28901705,-0.39835635
R1116_23,0.37355357,0.22755593,-0.5786086
R1116_24,-0.055910513,-0.13632217,-0.35679153
R1116_25,-0.14018661,-0.24579272,0.2092568
R1116_26,1.1041604,0.042600803,-0.09117391
R1116_27,-0.124107644,-0.7387389,0.14561057
R1116_28,-0.56901675,-0.683447,-0.51994866
R1116_29,0.06768073,0.02829682,-0.73645604
R1116_30,-0.31424752,-0.577159,-0.5390847
R1116_31,-0.27013102,0.8986717,-0.47000107
R1116_32,-0.1463613,0.28621203,-1.5874463
R1116_33,-0.30431384,0.2067456,-0.9802596
R1116_34,0.070754014,-0.40168953,0.23741919
R1116_35,-0.9132319,-0.7918712,0.36003175
R1116_36,-0.83123857,0.7651065,-1.0812643
R1116_37,-0.45774415,-0.469991,-0.33436155
R1116_38,0.1286787,-0.1885395,-1.2568396
R1116_39,0.5286855,-0.37955412,0.76475793
R1116_40,0.5684884,0.04281392,-0.7516624
R1116_41,1.2905986,0.15934914,-0.8724142
R1116_42,-0.7659784,0.658451,-1.3392842
R1116_43,0.104544684,-0.36517638,-0.47097164
R1116_44,0.7056795,-0.120285146,-0.87579316
R1116_45,-0.1509167,1.2269373,-0.8822312
R1116_46,-0.709837,0.8552819,-0.32023987
R1116_47,-0.41957512,1.0730504,-0.13150063
R1116_48,0.3903438,-0.23572052,-0.8173174
R1116_49,-1.0781201,-0.4368775,-0.507864
R1116_50,0.6693099,-0.61268765,-1.2241118
R1116_51,0.5160303,-0.794638,1.2826388
R1116_52,0.8228671,-0.36344996,-0.23407945
R1116_53,-1.3499249,-0.45178083,-0.4305894
R1116_54,1.2007762,0.9523611,0.22900149
R1116_55,-0.62045634,-0.790155,-0.72869855
R1116_56,0.33347985,-0.09835557,-0.72372085
R1116_57,-0.485593,0.6590225,-0.34041068
R1116_58,0.83606035,-0.39263794,0.35869154
R1116_59,-0.01725359,-0.45165843,-0.6978053
R1116_60,1.8251436,0.124372445,0.7163573
R1116_61,-0.727418,-0.10223285,0.6537046
R1116_62,0.14654604,-0.48070002,1.2056556
R1116_63,0.20299481,-1.0861393,1.3422954
R1116_64,0.7524592,-0.8919595,1.2674135
R1116_65,0.20259692,-1.2328585,0.6766875
R1116_66,0.57506937,-0.06868204,0.23913574
R1116_67,0.9566031,0.5804611,-1.0546944
R1116_68,-1.2713827,-0.67919123,0.5311238
R1116_69,-0.63992053,0.33154887,0.59199613
R1116_70,-0.7638547,-0.41849592,1.1412582
R1116_71,0.42246,-0.572727,0.04614988
R1116_72,0.08816447,-0.2299546,0.92115694
R1116_73,0.49032563,0.33988997,0.09945095
R1116_74,0.5767232,-0.019899912,-0.55289155
R1116_75,-0.54836863,0.003871899,0.733833
R1116_76,1.0319514,0.61843234,-0.32595262
R1116_77,1.0162016,0.052911453,0.28435114
R1116_78,0.8327395,0.4502349,0.39060816
R1116_79,0.46800795,0.5467056,0.28211913
R1116_80,-0.19966702,0.24258056,-0.9214789
R1116_81,-0.16313308,-0.75830215,-1.2526219
R1116_82,1.092575,-0.8748712,-0.59990543
R1116_83,-0.654938,-0.25859433,0.62484527
R1116_84,-0.31331804,-0.5257198,0.63341236
R1116_85,-0.52616477,0.35998714,-0.12655947
R1116_86,-1.1302223,0.93338436,0.09285227
R1116_87,-0.23312533,0.8067371,0.40354013
R1116_88,-0.910631,-0.22002763,0.24017614
R1116_89,0.3212674,0.10361221,-0.23837888
R1116_90,0.12161416,-0.3685783,-0.23933026
R1116_91,-0.73056656,-0.2792751,0.758718
R1116_92,-0.33731037,-0.3954498,0.997981
R1116_93,-0.61106235,-0.8978923,1.189047
R1116_94,-1.0633373,-0.054371633,0.47622392
R1116_95,0.5599452,0.16189033,0.22538844
R1116_96,-0.31786174,-0.7802715,-0.6554639
R1116_97,0.30839163,1.0326376,-0.25935456
R1116_98,-0.8645719,0.23624995,0.63335973
R1116_99,-0.27578288,1.0064213,0.009876139
R1116_100,-0.5905119,0.27564412,0.885184
R1116_101,1.2589561,0.22579432,0.43213397
R1116_102,0.4932863,0.3120141,-0.11856354
R1116_103,-0.3145011,-0.17936063,-0.2396771
R1116_104,0.0846737,0.74928635,-0.77909535
R1116_105,0.30624348,-0.13226986,-0.41419098
R1116_106,1.230401,0.14995909,-0.20223555
R1116_107,-0.68171036,0.41113892,-0.29951593
R1116_108,-0.51799804,0.60691494,-0.69840324
R1116_109,0.0012608636,0.79421777,-1.2528908
R1116_110,-0.38541442,0.250988,-0.12785158
R1116_111,0.47367328,0.106453024,-1.5172169
R1116_112,-0.99139315,0.048851714,0.27196398
R1116_113,0.37397188,0.7826287,0.07597863
R1116_114,0.18469696,-0.38825062,-0.06474139
R1116_115,-0.29889894,0.7118404,0.3538124
R1116_116,-0.12734516,-1.1147144,0.82189614
R1116_117,0.5348431,-1.2149392,0.5759466
R1116_118,0.25827932,-0.7643596,1.0350616
R1116_119,-0.51319385,-0.49714348,-0.75859857
R1116_120,-0.28227693,0.46889567,0.50441104
R1116_121,0.5279464,0.3211244,-1.0067216
R1116_122,-0.6046254,0.39975023,-0.551194
R1116_123,1.2048739,-0.2458241,0.6258684
R1116_124,0.8976329,0.09537902,0.8127637
R1116_125,0.095764175,-0.081591465,1.0493912
R1116_126,-0.3501289,0.5178738,1.0331562
R1116_127,0.5024944,0.1337609,1.0738337
R1116_128,-0.9349129,0.43794093,1.4437294
R1116_129,-0.18826212,-0.13261399,0.44907913
R1116_130,0.037912384,-0.47755012,0.82299554
R1116_131,-0.15393128,0.3757185,-0.0024672076
R1116_132,-0.09715597,0.460993,-0.19300497
R1116_133,-0.6824666,-1.080543,0.033508696
R1116_134,-0.34700757,-0.18333355,0.8189526
R1116_135,0.9897714,-1.0051452,-0.37741932
R1116_136,-0.02617423,0.45046154,-0.11101433
R1116_137,-0.37197456,-0.47003642,0.22693083
R1116_138,0.7150667,0.6900346,-0.6491228
R1116_139,-0.04943092,-0.03098879,-0.5656076
R1116_140,0.1219645,0.81533736,-0.8281135
R1116_141,0.7470004,0.3261082,-0.36986968
R1116_142,-0.19490793,-0.46928716,0.26836
R1116_143,-0.8103047,0.08375806,0.22948435
R1116_144,-1.3161123,-0.29200995,-0.7810878
R1116_145,-1.4885745,0.872127,-0.56674045
R1116_146,-0.027619211,0.40204534,-0.89380366
R1116_147,0.49189448,0.60111576,0.79873145
R1116_148,0.5740999,0.9399212,-0.62077457
R1116_149,0.7191217,0.38923913,0.88696074
R1116_150,0.85363877,0.10799474,-0.127496
R1116_151,0.85207313,0.016716473,0.38045895
R1116_152,0.6731699,-1.8437467,0.63081574
R1116_153,0.38060904,0.36122742,1.2310059
R1116_154,0.22031982,0.04249636,0.99034864
R1116_155,0.6166355,0.6072982,-1.833343
R1116_156,-0.30447206,0.39149114,0.30991137
R1116_157,-1.9787258,1.342712,-0.671713
R1117v2_1,-1.9948641,-1.2359364,-0.9462279
R1117v2_2,-0.19280493,-1.5560632,0.71744186
R1117v2_3,0.54072535,-0.38128537,1.4057133
R1117v2_4,1.0680922,0.38056606,0.40319863
R1117v2_5,1.8271598,0.36146292,0.16084412
R1117v2_6,1.592398,0.45750675,1.0380315
R1117v2_7,0.847237,0.39483437,0.24938378
R1117v2_8,0.38149372,0.967335,0.66652304
R1117v2_9,0.93247277,0.57845896,1.3348558
R1117v2_10,0.6076402,1.0769022,0.31754825
R1117v2_11,0.4787724,0.6445984,0.54289716
R1117v2_12,0.6993603,0.57331336,-0.8833742
R1117v2_13,-0.12763272,-0.610439,0.25387225
R1117v2_14,0.16486238,-0.42487094,-0.2002464
R1117v2_15,0.07661031,0.10338045,0.050181724
R1117v2_16,0.48267883,0.59271127,-0.52953047
R1117v2_17,0.13165566,0.6279846,-0.47386518
R1117v2_18,-0.81795734,-1.0226845,0.6875384
R1117v2_19,-0.009977801,-0.25263965,-0.79642874
R1117v2_20,0.28913754,-0.10466165,0.4679791
R1117v2_21,0.17373972,-0.4795374,-1.7166071
R1117v2_22,-0.7106531,0.01198943,-1.5296395
R1117v2_23,-0.7641879,0.2770882,-0.41682333
R1117v2_24,-0.17233422,1.1049685,-0.44030127
R1117v2_25,-1.268068,0.09399154,-0.082497574
R1117v2_26,-1.3942149,0.6338629,-0.32281783
R1117v2_27,0.22800045,-1.6721957,0.9971228
R1117v2_28,0.5855823,-0.15055549,-0.17222571
R1117v2_29,-0.41510117,-1.285435,0.32502767
R1117v2_30,0.14322437,-1.3968468,1.2994868
R1126_1,1.0481791,-0.240228,1.8539617
R1126_2,0.9750409,-1.5689533,1.0748905
R1126_3,0.2600215,-0.5288856,1.429066
R1126_4,0.056282207,0.31985644,0.819823
R1126_5,0.6898678,0.36225918,1.8185098
R1126_6,0.5321162,-0.24933234,1.5357447
R1126_7,-0.06207273,0.24799514,0.57018614
R1126_8,0.6025166,0.4089836,-0.13842422
R1126_9,0.5028816,0.46375114,0.844158
R1126_10,0.2106674,-0.2631084,0.1319075
R1126_11,0.38454345,-0.50767136,1.337014
R1126_12,0.62102175,0.6802248,-0.19566262
R1126_13,1.1620028,-0.8025002,0.19183679
R1126_14,0.81202936,-0.051633865,1.115457
R1126_15,-0.07220523,-0.26980698,0.7413183
R1126_16,-0.39182532,-0.48228446,0.5927743
R1126_17,-0.79252166,0.53390056,1.2588884
R1126_18,-0.3352144,-0.17847568,-0.2633664
R1126_19,0.2682843,-0.04448939,0.49833077
R1126_20,0.19231716,-0.33601964,0.32484737
R1126_21,-0.079891786,-0.6209438,0.3049785
R1126_22,-0.024468467,-0.77885115,0.7041997
R1126_23,-0.014245883,-0.26583332,0.5503287
R1126_24,-0.20902011,-0.52539885,0.8111387
R1126_25,-0.16969328,-0.9804193,0.9874533
R1126_26,0.7895945,0.71333677,0.69758856
R1126_27,0.08661828,0.16222635,0.31421778
R1126_28,0.73430115,-0.026760489,0.5451513
R1126_29,-0.21314324,-0.37898326,0.2971016
R1126_30,0.6204526,0.24258232,-0.49911028
R1126_31,-0.1664417,-0.74976736,-0.16563249
R1126_32,0.60006016,-0.36072165,-0.23072118
R1126_33,-0.20708787,0.5845256,-1.5251353
R1126_34,-0.16902344,0.7896156,-1.269838
R1126_35,0.094322205,1.6188993,-0.28017265
R1126_36,-0.75692713,1.2587261,-0.5744635
R1126_37,0.12700634,1.3839355,0.050600886
R1126_38,-0.9935169,0.8910086,-0.1591922
R1126_39,0.05555506,0.0018875599,-0.19664033
R1126_40,0.038346507,0.15998891,0.105375
R1126_41,-0.1915597,0.106380045,-0.17890522
R1126_42,0.9699092,-0.17958672,-0.3400226
R1126_43,0.96696776,0.6589715,-0.43282047
R1126_44,0.97409856,1.3828729,-0.62295103
R1126_45,1.0679624,0.40263003,-0.28699845
R1126_46,1.3615077,0.75623894,-0.7838229
R1126_47,1.2843523,0.31144482,0.1451165
R1126_48,0.30572015,1.4269315,-0.14421201
R1126_49,0.70306253,0.8131343,0.45156702
R1126_50,1.0742015,0.6682251,-0.81307423
R1126_51,0.8315392,0.60784495,-0.2859723
R1126_52,1.0565473,0.6180713,-0.3134825
R1126_53,0.40282202,0.76533616,-0.49704367
R1126_54,0.6027213,0.88540447,-0.190364
R1126_55,0.18613078,0.50963944,-0.6117102
R1126_56,0.09236464,0.87310445,-0.88786227
R1126_57,-0.41707018,0.2509147,-0.5055761
R1126_58,0.38553587,0.033854313,-0.5560703
R1126_59,-0.12701462,0.67978835,-0.8160032
R1126_60,0.030569404,0.12965259,-0.49119842
R1126_61,0.5910294,0.101786554,0.06268315
R1126_62,0.1436455,0.09239675,0.15201044
R1126_63,0.59966147,-0.2573058,-0.12300843
R1126_64,0.37178016,0.61793554,-0.25903878
R1126_65,1.0406008,0.8857796,-0.3928152
R1126_66,0.78584224,0.8565002,-0.14231709
R1126_67,0.59811354,0.57062006,0.38184863
R1126_68,-0.045072258,0.37733066,0.44157693
R1126_69,0.16473855,-0.05565867,0.4581399
R1126_70,0.25911304,0.035557516,0.13659844
R1126_71,0.5395499,-0.6536296,0.6859753
R1126_72,0.14832085,0.20617089,0.18021002
R1126_73,0.53501356,-0.28585324,0.8453656
R1126_74,-0.23191467,-0.37192494,0.42808622
R1126_75,-0.18602385,-0.6270201,0.81182855
R1126_76,-0.59479386,-0.025387704,0.11888766
R1126_77,-0.2309221,-1.0128849,0.66826487
R1126_78,-0.027738228,-0.9093647,1.08107
R1126_79,-0.73062253,-0.78377146,0.4343894
R1126_80,0.33143765,-0.5929129,1.116401
R1126_81,-0.5336436,-0.55104303,0.8188733
R1126_82,-0.80009305,-0.5108881,0.8068506
R1126_83,-0.54109436,-0.60051453,0.57841706
R1126_84,0.17627017,0.14773503,0.61152536
R1126_85,-0.23529907,-0.722977,0.85671735
R1126_86,-0.2486459,-1.5058296,0.8800851
R1126_87,-0.36466622,-1.8298113,0.79565847
R1126_88,-1.4006088,-1.4191478,0.7391325
R1126_89,-0.56328285,-0.607188,0.72195005
R1126_90,-1.07604,-1.4542363,0.49036232
R1126_91,-0.8008068,-0.5415998,0.90914565
R1126_92,-0.3820212,-0.2514753,0.17089188
R1126_93,-0.72545063,-0.68750024,-0.21495341
R1126_94,-0.9492645,0.4932766,0.10047069
R1126_95,-1.2573674,-0.78079975,0.31526005
R1126_96,-0.6849545,-0.17344126,0.4315852
R1126_97,-0.23787834,-0.4882288,-0.23320085
R1126_98,-0.37295023,-0.48082432,1.0477633
R1126_99,-1.1355757,-0.10980364,0.9870359
R1126_100,-1.1274207,-0.8330069,0.33643568
R1126_101,-0.15312469,-0.16161034,0.09573686
R1126_102,-1.5017449,0.022375315,0.3325956
R1126_103,-0.53446627,-0.4091575,0.1858328
R1126_104,0.02291748,-0.33163357,0.20444088
R1126_105,-1.3092902,-0.98720825,-0.35879588
R1126_106,-0.49070475,-1.0680339,0.64864737
R1126_107,0.15444556,-0.8785939,-0.44767746
R1126_108,-0.808535,-1.1918668,-0.34871057
R1126_109,-0.24634813,-0.98426574,0.48720858
R1126_110,-0.0025704503,-1.4199991,0.09592267
R1126_111,0.28541005,-1.2327051,-0.35107565
R1126_112,0.111030936,-1.263951,0.27274537
R1126_113,-0.39978206,-0.92338216,-0.4279345
R1126_114,-0.25651726,-0.7555628,-1.0219262
R1126_115,0.7422291,-0.27915907,-0.05738625
R1126_116,0.1969549,0.4278387,-0.66752064
R1126_117,-0.042460993,0.2418398,-1.4909269
R1126_118,-0.50022614,0.7904323,-1.3587977
R1126_119,0.49126977,0.68127954,-1.6333897
R1126_120,-0.28215492,0.98083735,-1.4436929
R1126_121,-0.0705645,0.96548533,-1.3009648
R1126_122,-0.3734305,-0.26581943,-1.0555648
R1126_123,-1.1393507,0.68256,0.14376125
R1126_124,-0.7932276,-0.27601284,0.40801188
R1126_125,-0.19586562,1.1116297,0.124795154
R1126_126,0.6167338,0.3941694,0.32166973
R1126_127,0.088377714,0.37946633,-0.15016894
R1126_128,0.76023006,-0.5616481,0.40071094
R1126_129,-0.019095615,-0.54760426,1.1244652
R1126_130,-0.7739323,-1.4187975,-0.5446974
R1126_131,-0.82050323,0.34862456,-1.5014226
R1126_132,0.3183424,0.20151995,-0.5306791
R1126_133,-1.2005926,-0.0019032359,-0.9050422
R1126_134,-0.79610646,0.72840345,-0.69535136
R1126_135,0.49607164,-1.2573632,0.54077107
R1126_136,0.19731091,-0.43439883,0.22509727
R1126_137,-0.88658655,-0.7342223,-0.44752705
R1126_138,-0.19359596,-0.103575915,-0.27458948
R1126_139,0.0010027271,-0.74463606,0.46248633
R1126_140,-0.80891407,1.2385908,0.69985515
R1126_141,-0.47596145,-0.4380889,0.8691057
R1126_142,-0.65214455,-0.6775303,0.15531085
R1126_143,-0.56166387,-0.29192296,0.5018566
R1126_144,0.39400735,-0.8644322,-0.8311975
R1126_145,-0.26606965,-0.24941784,0.7473564
R1126_146,-0.8090572,-0.23109692,0.16061005
R1126_147,0.10646568,-0.73171604,0.69985586
R1126_148,1.2866416,0.13931845,-0.89724916
R1126_149,-0.3010949,0.12560669,0.6827427
R1126_150,0.8600724,-1.1438029,-0.22945796
R1126_151,0.82935166,-0.013008997,-0.28700462
R1126_152,-0.6496835,-1.0597628,-0.22763756
R1126_153,0.95149976,0.55739385,0.4414064
R1126_154,0.48396498,0.48340827,0.55883825
R1126_155,0.56114435,-0.13390514,-0.21294096
R1126_156,0.43408272,-0.12078547,0.3555651
R1126_157,-1.0727835,1.0821209,-0.65867174
R1126_158,0.30804646,1.6067903,-0.5987585
R1126_159,-0.80093443,0.4077092,-0.21645695
R1126_160,1.2576928,-0.19095233,-0.66422206
R1126_161,0.07051432,-0.6302527,0.078897
R1126_162,0.88066876,1.3674414,-0.96706796
R1126_163,-0.24591687,-0.20580918,-1.26696
R1126_164,-0.08514701,0.0188905,0.31191406
R1126_165,-0.75157607,0.87702155,-0.024558544
R1126_166,0.08245486,-0.73174155,-1.2149868
R1126_167,0.59043545,0.79967475,-1.451731
R1126_168,1.2100103,0.40498835,-0.8263933
R1126_169,-0.86169696,1.093611,-0.8443564
R1126_170,0.9187246,1.0801313,-0.062848926
R1126_171,0.81673676,-0.07938905,0.24714774
R1126_172,0.19248009,-1.0996057,0.5337588
R1126_173,0.20544231,-0.4302659,-0.07211837
R1126_174,0.16889057,-1.1834873,-0.09335086
R1126_175,-0.07219304,0.2957939,-0.7266197
R1126_176,-0.19547567,0.7331345,-1.679191
R1126_177,-0.39133814,-0.062204033,0.68209565
R1126_178,-1.4273047,-0.4641434,-0.18054187
R1126_179,-0.45396066,1.0679064,-0.5905397
R1126_180,-1.6548264,0.030508548,0.16040692
R1126_181,0.94157946,0.32724488,-0.07115115
R1126_182,-0.39338347,0.91018784,-0.11749622
R1126_183,0.2744478,1.7507181,-0.30815172
R1126_184,-0.03348428,0.0010601282,-1.138061
R1126_185,0.5106111,-0.59437144,0.44406056
R1126_186,1.0752945,-1.1561675,1.425524
R1126_187,-0.58234733,0.94860804,-0.55165255
R1126_188,0.89494723,0.40131706,-0.42158797
R1126_189,-0.13474229,0.28881976,-1.1582792
R1126_190,-0.36593306,-0.7706274,0.9281432
R1126_191,-0.7432556,-0.2542957,1.2766949
R1126_192,0.561877,0.29337275,-0.75903666
R1126_193,0.11653352,0.86747265,-1.6856297
R1126_194,-0.86244524,-0.52709675,-0.122934535
R1126_195,-1.4822638,0.4518743,-0.8212884
R1126_196,0.038137697,-0.040831447,-1.4506905
R1126_197,0.21604568,0.97522986,-0.8140536
R1126_198,-0.9470454,1.1212189,-0.35375234
R1126_199,-0.21104592,0.8951826,1.0182953
R1126_200,0.47330168,1.33356,0.1884935
R1126_201,0.7404391,1.2633741,-0.8267964
R1126_202,1.324803,0.36939883,-0.19264993
R1126_203,-0.7771509,0.0470113,0.050744534
R1126_204,0.92851144,-0.9517943,-0.38897067
R1126_205,-0.11809379,-0.03149894,-0.74101365
R1126_206,-0.39417595,0.17120469,0.12920737
R1126_207,0.14183149,1.0586973,0.90264916
R1126_208,0.5663053,0.41051388,0.20528907
R1126_209,0.7659187,0.46655598,0.82874846
R1126_210,0.32726836,1.3670928,0.5457575
R1126_211,0.8372394,0.49458778,-0.7509358
R1126_212,-1.198427,0.56298363,-1.1291847
R1126_213,-0.87030196,0.17911324,-1.0015501
R1126_214,-0.10909324,0.15629157,0.24604473
R1126_215,-0.29876804,1.4582005,-1.9128966
R1126_216,-0.0039679706,0.7823059,-1.1443143
R1126_217,-0.87509835,1.2655506,-0.039613277
R1126_218,0.039018273,0.7466115,1.1006935
R1126_219,-0.06218037,-0.17595097,-0.08258675
R1126_220,0.0019482374,-0.22994325,-0.02498404
R1126_221,-0.50622386,-1.1382843,0.29779524
R1126_222,-0.40371493,-0.81853616,-0.526452
R1126_223,1.3158689,-0.021996006,-0.6055839
R1126_224,-0.20271096,1.7477989,0.17967257
R1126_225,-0.30292374,-0.9318093,-0.08990669
R1126_226,0.32574704,-0.72286487,-0.3101428
R1126_227,0.5812579,0.7427763,-0.110125706
R1126_228,-1.2952725,-0.26309538,-0.19633299
R1126_229,0.48623922,-0.24066408,-0.104020536
R1126_230,0.28603578,0.71609247,-1.025865
R1126_231,-0.0006826371,-0.85961175,-0.5966226
R1126_232,0.40419978,0.5747625,-0.29347238
R1126_233,-0.050774924,-1.0974176,1.3875271
R1126_234,-1.1790051,-0.7269641,0.072473645
R1126_235,0.058347195,0.12313044,-0.9713252
R1126_236,-1.387464,-0.5447968,0.51384914
R1126_237,0.7216362,-1.2110016,0.79386795
R1126_238,-0.26356143,0.3879757,1.1209948
R1126_239,0.88886726,-1.2921085,0.7328099
R1126_240,2.188275,-0.4592391,-0.16971445
R1126_241,0.5491415,-0.34600112,-0.50492007
R1126_242,0.09543128,0.8484588,-1.0543284
R1126_243,1.2122669,-0.3279373,-0.61080074
R1126_244,-0.6403662,0.41571224,1.6501658
R1126_245,0.009081602,-1.5144635,0.6917499
R1126_246,0.73373663,0.23710945,0.67262226
R1126_247,0.72186744,0.8185903,-1.0220015
R1126_248,-0.8330344,0.22880676,0.6736661
R1126_249,-0.35838595,0.17370805,-1.7775799
R1126_250,-0.9784491,-0.20995487,-1.077297
R1126_251,0.02802959,-0.5216444,0.08939903
R1126_252,-0.52335435,-0.6386361,0.35342538
R1126_253,-0.308941,-0.27738953,-0.6401025
R1126_254,-0.069191635,-0.8421053,1.1484495
R1126_255,0.3902166,0.23025686,1.4446203
R1126_256,-0.7108206,1.4124241,-0.78122085
R1126_257,-0.021467164,-0.8764645,-0.0525195
R1126_258,-0.067289114,0.795946,0.58745944
R1126_259,-0.26683387,1.4527541,-1.4713874
R1126_260,-0.42837805,-0.13239944,0.11697835
R1126_261,-0.6551689,0.60019255,1.4768609
R1126_262,0.03905514,0.9897034,0.28755713
R1126_263,0.29697737,0.6533759,0.5123833
R1126_264,-0.075321764,-0.1326697,0.48514357
R1126_265,1.0945687,0.12452817,0.72256553
R1126_266,-1.4680631,-0.28752017,1.6461444
R1126_267,-0.49124226,-0.94579333,0.8778677
R1126_268,-0.0011543185,-0.45038092,0.6130233
R1126_269,-1.4803932,0.50378615,0.4271594
R1126_270,0.43122968,0.6632641,0.26514283
R1126_271,-0.3950649,-1.3912865,0.8914278
R1126_272,-0.7049312,0.021434166,0.041517586
R1126_273,-0.090920195,1.1435544,-0.3941473
R1126_274,-0.7209554,0.14111581,0.9290402
R1126_275,-0.66231704,1.2465252,-0.5758157
R1126_276,1.0474876,-0.5106171,-0.51231855
R1126_277,0.04249689,0.894405,0.22653869
R1126_278,-0.20650426,0.5272635,-0.30697593
R1126_279,0.20751655,-0.614998,0.26251498
R1126_280,-1.3296616,-1.0245625,0.3582294
R1126_281,0.21955594,-0.004302494,-0.716178
R1126_282,0.26546147,0.82629704,-0.17396522
R1126_283,0.5356782,0.35061064,0.22543377
R1126_284,-1.0753665,-0.17412959,-0.54038596
R1126_285,-0.41705328,-0.61391413,0.18627454
R1126_286,-1.1569467,0.034831077,-0.1610873
R1126_287,0.6307392,-1.3029207,1.2037042
R1126_288,0.68205994,1.0549268,0.09993042
R1126_289,-0.03619135,0.7743068,0.496801
R1126_290,-0.023904383,-0.31641537,0.61320317
R1126_291,1.4706515,0.42147505,0.4435354
R1126_292,0.61482394,-0.965255,0.2588752
R1126_293,-0.35849282,0.8010817,-0.19086833
R1126_294,-0.121721014,0.44331697,0.40195072
R1126_295,-0.465999,-0.12227145,-1.3011303
R1126_296,-1.0618031,-1.5976312,-0.5730821
R1126_297,-0.9573941,-1.4807291,1.0629569
R1126_298,-0.98004043,-0.65631807,0.08341476
R1126_299,0.5248593,-0.41697934,-0.7403127
R1126_300,0.7918128,-0.054996185,0.3983122
R1126_301,0.4874881,-0.16278826,-0.5038277
R1126_302,-0.52438235,-0.108499795,-0.2481246
R1126_303,0.35355783,0.26828074,0.74063283
R1126_304,1.1185445,-0.38025534,0.6189553
R1126_305,0.5612842,0.07265596,-0.46607992
R1126_306,1.6330583,-0.3463225,0.34243506
R1126_307,0.43640357,-0.09505596,-0.85067105
R1126_308,-0.22631301,0.29523668,-0.15194231
R1126_309,-0.68109846,-0.050904095,-0.8222281
R1126_310,0.82617545,0.6824771,-1.039669
R1126_311,-1.2625575,0.04926955,-0.0044131875
R1126_312,-0.026760489,1.0335498,-0.7805859
R1126_313,0.5196167,1.1050119,-0.3370702
R1126_314,-0.053700715,-0.5222924,0.17767888
R1126_315,0.79498386,0.80024934,-1.1087494
R1126_316,1.185327,-1.2609453,0.20569178
R1126_317,1.1047738,-0.4821149,-0.8711026
R1126_318,-0.6292379,-1.7137911,0.5253754
R1126_319,0.89132696,-1.3333263,-0.20367602
R1126_320,0.067787215,-0.38600665,1.3109032
R1126_321,0.3728402,-1.042889,0.7436703
R1126_322,-0.14548661,-0.9093568,0.2953165
R1126_323,-0.69135994,-0.5087427,1.1018177
R1126_324,-0.12759702,-1.1924114,1.0149604
R1126_325,-0.18209513,0.9381919,0.10330407
R1126_326,-0.18469146,-0.15431482,0.7719902
R1126_327,-0.7537701,-0.9476052,-1.8054513
R1126_328,0.41774377,-0.21294624,-0.6419303
R1126_329,0.13704902,0.30810696,0.2692346
R1126_330,-0.53337,-0.0057009608,-0.01520706
R1126_331,-0.2588433,0.33771044,-0.14726818
R1126_332,-0.8967891,-1.3275187,0.92401063
R1126_333,0.09249749,-0.23888917,-0.3196759
R1126_334,-1.4415531,0.80909646,-0.7622261
R1126_335,0.71693206,0.45693895,-0.19693622
R1126_336,-0.7094314,1.2437027,-0.8669526
R1126_337,-1.0211067,-0.42565432,-0.26001227
R1126_338,0.17267585,0.2359625,0.5031862
R1126_339,0.32163075,0.2001076,-0.21587414
R1126_340,-0.48173004,0.56165606,-0.27976608
R1126_341,0.5351052,1.2783859,-0.16725528
R1126_342,0.8305866,-1.0252501,0.3845501
R1126_343,-0.46308786,0.41497916,0.15144923
R1126_344,0.23755346,0.400069,-0.35853243
R1126_345,-0.6632515,-0.6944674,-0.7837885
R1126_346,0.774526,1.2931447,-0.3197411
R1126_347,-1.6870835,-0.37772575,-0.65248346
R1126_348,0.72965837,0.81486005,-0.43061543
R1126_349,0.17628068,-0.22990897,0.9498966
R1126_350,-0.8819096,-1.5413655,0.8004075
R1126_351,-0.67757964,-1.5993514,0.0126629025
R1126_352,0.026363462,1.089186,0.3673834
R1126_353,-1.4341172,0.7033206,0.0202685
R1126_354,-0.18822058,-0.5183868,-0.41720042
R1126_355,-1.3217714,-0.7091337,0.7849045
R1126_356,-0.35998368,-0.37613702,1.009306
R1126_357,1.1619921,1.1264552,0.81110734
R1126_358,0.1972472,0.9117891,0.41790515
R1126_359,0.26557916,0.19713123,-0.25366992
R1126_360,0.14610355,0.5225992,-1.0997975
R1126_361,-0.10990492,0.36937898,-0.012572512
R1126_362,-0.9538835,0.5164673,-0.96302676
R1126_363,-0.2405701,1.5047396,0.2697229
R1128_1,-1.1342559,0.26111415,-0.21566346
R1128_2,-0.1294303,0.5678852,-0.053477317
R1128_3,0.97762847,0.4719713,-0.22627798
R1128_4,0.6848329,1.0804502,0.24692085
R1128_5,0.7150974,0.68261623,-0.6097275
R1128_6,0.930345,0.5072428,0.13206244
R1128_7,0.1258077,0.70958054,0.1466876
R1128_8,0.3499314,0.8023393,0.46181458
R1128_9,0.1587187,0.71804625,0.036463015
R1128_10,0.28889942,-0.40284717,-0.67636514
R1128_11,0.6653676,0.9602746,0.42109767
R1128_12,0.021527585,0.5287622,-0.7536968
R1128_13,0.41986343,0.5444396,0.2680948
R1128_14,0.94535345,0.43289888,0.33020878
R1128_15,1.416838,0.22968817,0.554327
R1128_16,1.3296846,0.6429344,0.7498778
R1128_17,0.42709756,-0.30351192,0.48070806
R1128_18,1.3035759,0.9477834,0.20988244
R1128_19,1.0689982,0.08608201,0.114756204
R1128_20,0.78238994,0.55468637,0.73739296
R1128_21,-0.08095592,0.1859822,0.82968426
R1128_22,0.09798595,0.33566445,0.58590376
R1128_23,0.27574357,1.0042372,0.7152207
R1128_24,-0.0748416,0.5039289,0.68610185
R1128_25,0.42664093,-0.05001559,-0.18436742
R1128_26,1.7453182,0.5648737,-0.10800556
R1128_27,1.2654929,0.19094452,0.45612314
R1128_28,0.9379285,0.2156403,0.079293676
R1128_29,0.83044916,-0.21953863,0.45689553
R1128_30,0.57727545,0.071983516,0.6418671
R1128_31,-0.37451863,0.6273775,-0.23876888
R1128_32,0.1985031,-0.23339266,-0.030953594
R1128_33,-0.16231012,-0.022191837,-1.2375323
R1128_34,-0.0370418,-1.2655102,-0.08784034
R1128_35,0.1804848,-0.8147497,-0.59297043
R1128_36,0.20786111,-0.28126812,-0.20588195
R1128_37,-0.86638,-0.55197126,-0.633426
R1128_38,-0.06953493,-0.8854786,-0.5683658
R1128_39,0.45683876,-1.0633142,-0.38134044
R1128_40,0.027417392,-1.2337364,-0.9212848
R1128_41,-0.8855626,-1.2289891,-0.44758585
R1128_42,-1.0734081,-0.8091789,-0.14525223
R1128_43,-1.1375444,-0.98266685,0.42722687
R1128_44,-0.26519096,-0.5419145,-0.64890337
R1128_45,-0.19540025,-0.86997336,-0.23827527
R1128_46,-0.31711638,-0.10428172,-0.83471894
R1128_47,0.13840298,-0.87261313,-0.17750996
R1128_48,-0.25068027,-1.5232651,-0.3654838
R1128_49,0.27364883,-1.1532452,-0.3133743
R1128_50,-0.82818574,-0.79364175,-0.7230533
R1128_51,-1.1963875,-1.2735358,-0.81599194
R1128_52,-0.47779414,-1.414959,-0.7527487
R1128_53,-0.8073487,-0.80421877,-1.0773035
R1128_54,-1.3426657,-0.515008,-0.802907
R1128_55,-0.6803873,-0.1575275,-0.47776097
R1128_56,-1.0702996,-1.7560258,0.35844857
R1128_57,-1.0188553,-0.46669587,-0.098456606
R1128_58,-0.121139385,-0.42587334,-0.93122053
R1128_59,-0.8136537,-1.0674338,-0.6941465
R1128_60,-1.3054767,-1.4381005,-0.95518124
R1128_61,-1.3803043,-1.4025933,-0.40829265
R1128_62,-1.0981941,-1.5353782,-0.35414374
R1128_63,0.14968027,-0.51674014,-1.0910897
R1128_64,-0.5520441,-1.1659584,-0.8146217
R1128_65,0.0821324,-1.122046,0.14615807
R1128_66,0.13777113,-0.8670829,-0.071305335
R1128_67,-0.1670246,-0.57854176,-1.198533
R1128_68,0.043551236,-0.7885096,-0.37866902
R1128_69,-0.26958054,-0.77180624,-0.6028048
R1128_70,-0.27619177,-0.710542,-0.18876055
R1128_71,0.09029028,-0.47549883,-0.17733276
R1128_72,1.1280456,0.30416113,-0.7006803
R1128_73,0.11968975,-0.34623682,-0.012403421
R1128_74,0.35601896,-1.0626876,0.8804666
R1128_75,-0.34818292,0.5419117,0.4167927
R1128_76,-0.3313862,-0.048187584,0.15618756
R1128_77,-0.73080194,-0.2710488,-0.8004095
R1128_78,-0.17744002,-0.73198175,0.33938938
R1128_79,-1.2165252,-0.41920978,0.9717838
R1128_80,-0.84910786,0.118540786,-0.04138381
R1128_81,-0.023918957,-0.8892224,0.05804737
R1128_82,0.5578946,0.62851816,-0.13989037
R1128_83,-0.46771654,0.60339373,0.47054848
R1128_84,-0.3437756,0.83776283,-0.07777332
R1128_85,-0.20222528,0.66690123,-0.5719755
R1128_86,-1.3288665,-0.46590057,-0.08986125
R1128_87,-0.17380442,0.4085135,0.4322042
R1128_88,-0.52522993,0.9409324,-0.4246726
R1128_89,-1.6583114,0.2782913,0.27849692
R1128_90,-1.3719594,0.073676735,0.37203807
R1128_91,-0.58856344,0.34890264,0.5116199
R1128_92,-0.36530864,-0.4321689,0.1502598
R1128_93,-0.310985,-0.16802163,0.11922398
R1128_94,-0.40703684,0.26932988,0.34568438
R1128_95,0.7900648,0.4026463,0.26100108
R1128_96,0.0019857585,0.36918664,-0.08732025
R1128_97,0.30970073,-0.13921607,0.1263714
R1128_98,0.28508192,-0.02069448,-0.32175013
R1128_99,-0.8573519,0.06648067,0.44863552
R1128_100,0.58446705,0.23047039,0.07365655
R1128_101,-0.62447625,0.61217463,0.36371598
R1128_102,-0.073810965,0.69696724,-0.458077
R1128_103,-0.086701855,0.10643038,-0.26133215
R1128_104,-1.050591,0.3307044,-0.07868418
R1128_105,0.16303837,-0.33641353,0.24005166
R1128_106,0.31316033,0.14736801,0.23788753
R1128_107,-0.49414957,0.04989162,0.5343882
R1128_108,0.9454678,0.91728175,0.35648915
R1128_109,0.40983173,0.099629074,0.6944497
R1128_110,0.53029877,0.8316908,0.21319616
R1128_111,0.24688724,0.69513166,0.13847607
R1128_112,0.30095604,0.6396034,-0.6004822
R1128_113,0.3030331,0.46764135,-0.17183253
R1128_114,0.37750095,0.25965148,-0.6750379
R1128_115,0.079132944,0.15081346,0.2097647
R1128_116,-0.24917503,-0.19411534,-1.0814366
R1128_117,-1.1818635,0.16884997,-0.84585047
R1128_118,0.53430325,0.1941194,-0.18256721
R1128_119,-1.2802207,-0.24692518,-0.249969
R1128_120,-0.240726,1.1193024,-0.13753513
R1128_121,-0.520176,1.0452521,-1.0949104
R1128_122,-0.44776,0.5384688,-0.8273884
R1128_123,-0.9517962,0.723566,0.08211653
R1128_124,-0.5865469,-0.9459637,0.22458658
R1128_125,0.0009879023,0.260682,0.0004445687
R1128_126,-0.3323968,0.5061681,0.46986544
R1128_127,0.99556124,0.37794566,0.7330601
R1128_128,-0.48562768,1.077426,0.19742522
R1128_129,1.0501057,-0.035028324,0.96410656
R1128_130,-0.14664413,-0.97297573,0.1560699
R1128_131,-0.50103325,0.8186346,0.10931045
R1128_132,0.48876488,-0.062096067,-0.06236455
R1128_133,-0.21326904,-0.48240742,-0.16398285
R1128_134,-0.82796526,-0.3213971,0.6717609
R1128_135,1.4688045,-0.21680316,-0.098050915
R1128_136,0.20317423,-0.3927509,0.59403026
R1128_137,0.42472586,0.3087759,0.6382431
R1128_138,0.70670533,-0.23201361,0.42574415
R1128_139,0.7118503,0.050933957,-0.09351741
R1128_140,-0.5598686,-0.15350068,0.19418642
R1128_141,0.026625961,0.9597831,-0.15287992
R1128_142,-0.122652195,-0.5767777,-0.25379172
R1128_143,-0.6066552,-0.044695057,0.21797466
R1128_144,-0.5966326,-0.79459226,-0.53828275
R1128_145,-0.988989,0.5891062,-0.5463178
R1128_146,0.44317982,0.8680001,-0.034510694
R1128_147,0.2823596,0.3379264,-0.33167556
R1128_148,-0.37158108,0.31981808,-1.3132638
R1128_149,-0.38789177,0.12573025,0.69455725
R1128_150,-0.8158989,-0.31619143,-1.4059682
R1128_151,-0.25795412,0.80010104,0.15938139
R1128_152,-0.4498663,-0.76975447,0.52297723
R1128_153,1.4270211,0.5506263,0.09073728
R1128_154,1.2702035,0.71089786,-0.28378558
R1128_155,0.938977,0.8256713,-0.6304096
R1128_156,0.728774,0.9849851,-0.3996363
R1128_157,0.055637866,0.21331695,0.19014642
R1128_158,0.7978076,0.7820759,-0.8622628
R1128_159,0.51279366,0.24865189,-0.00564149
R1128_160,1.3732892,0.012040734,0.526438
R1128_161,0.70916176,-0.40410596,0.33681178
R1128_162,0.4961934,-0.24443313,-0.7390516
R1128_163,0.7633027,-0.5203858,-0.46438453
R1128_164,-0.3570009,-0.44216168,1.173247
R1128_165,0.10806681,0.2662017,1.3596275
R1128_166,-0.91524154,-1.1277218,-0.52941334
R1128_167,-0.669962,0.17950046,-0.44050774
R1128_168,-0.54253393,-0.78242075,-0.6425071
R1128_169,-0.48597473,-0.29997197,0.31387028
R1128_170,-0.373565,-0.26330054,0.3780277
R1128_171,-0.68379366,0.43146655,-1.0685915
R1128_172,-0.68193877,-0.24808449,0.67557013
R1128_173,0.716941,-0.6660408,0.5017114
R1128_174,0.26066265,0.8309433,0.5055157
R1128_175,-0.074717745,-0.17810485,-0.6862602
R1128_176,0.76037467,0.5242918,-0.252006
R1128_177,0.8146801,0.37952164,0.4188665
R1128_178,-0.31098235,-0.9739021,0.016265117
R1128_179,0.6609686,0.5402454,0.13426414
R1128_180,-1.0056163,0.50968325,0.31907913
R1128_181,-0.2278831,-0.81227326,-0.49161977
R1128_182,-0.6277226,0.23914322,-0.22273293
R1128_183,0.12867503,0.5054108,-0.34609848
R1128_184,0.23051661,-0.066890836,-0.38667756
R1128_185,0.8319978,-0.31286845,0.28907305
R1128_186,0.13414262,-0.72797143,0.108720675
R1128_187,0.038812786,-0.5266891,-0.33916694
R1128_188,0.12371799,0.12279549,-1.1322589
R1128_189,0.24604054,0.07244258,-0.3988476
R1128_190,0.24534962,-0.4347534,-0.10144008
R1128_191,1.4928141,0.46624845,0.86880624
R1128_192,0.48962623,0.5246864,0.16355096
R1128_193,1.2718251,0.38698363,0.93457234
R1128_194,0.116983205,-0.07658091,-0.27410847
R1128_195,-0.34309065,0.057709605,0.6301703
R1128_196,-0.08884364,-0.37420952,-0.7496537
R1128_197,0.3668612,0.36842892,0.07953236
R1128_198,0.3059411,0.5466045,-0.15454
R1128_199,0.19216652,0.47760305,0.79479694
R1128_200,0.6278999,0.7281821,0.8343818
R1128_201,1.1324404,0.051322043,-0.12824161
R1128_202,0.8134022,-0.75735915,0.5509751
R1128_203,-0.05410161,-0.29090944,-0.018409401
R1128_204,0.19165805,-1.2868404,0.08786413
R1128_205,-0.3069263,-0.35224375,0.49530417
R1128_206,-0.099554196,-0.43494013,0.1340102
R1128_207,-1.0415982,-0.38846415,0.5265107
R1128_208,-0.8482314,0.04214561,-0.4495222
R1128_209,0.48340148,0.36238787,0.4792999
R1128_210,0.4712968,1.1256924,0.09512764
R1128_211,0.9902478,-0.22958092,0.12281496
R1128_212,-1.1426102,0.33022496,-0.23992082
R1128_213,-0.85075986,0.39671287,-1.1533859
R1128_214,-1.2408357,0.4012758,0.23124185
R1128_215,0.112294085,0.26274338,-0.69064057
R1128_216,0.7799904,0.9693789,-0.55132467
R1128_217,-0.82468396,0.89177406,-0.91488916
R1128_218,-0.069030136,-0.45999533,0.49787155
R1128_219,-0.042527646,0.38914102,0.15066501
R1128_220,-1.3331261,0.078983516,-0.36430573
R1128_221,-0.46543548,-0.63182116,-0.043267548
R1128_222,0.62227607,-0.8768708,0.58262527
R1128_223,0.31106335,-0.70378065,-0.8472203
R1128_224,-0.95949775,1.4059688,-0.8911569
R1128_225,0.3258173,-0.424169,-0.11181208
R1128_226,-0.056878597,-0.41411453,-0.61753553
R1128_227,0.72330916,-0.13485447,0.16571683
R1128_228,-0.7823849,0.002373442,-0.8762319
R1128_229,0.05385977,0.35190102,0.76791227
R1128_230,-0.5566865,0.41506782,0.43610024
R1128_231,-0.65420437,0.5305683,0.0985938
R1128_232,-1.3647976,-0.3464508,-0.6260929
R1128_233,0.41361794,-0.21553111,1.0104452
R1128_234,-1.1767948,-0.2955038,0.41690987
R1128_235,0.7400951,1.2813271,-0.24308331
R1128_236,-0.5950731,-0.6457019,0.8462999
R1128_237,0.61025,-0.10297515,-0.97721803
R1128_238,-0.9678665,0.4589964,-0.32341945
R1136_1,-0.48552817,1.8173435,0.9772807
R1136_2,-0.91444147,0.11745831,0.6196585
R1136_3,-0.35288885,0.09780353,1.2369409
R1136_4,-0.64566684,0.8690845,0.0865584
R1136_5,-0.36557227,0.06103584,0.59828347
R1136_6,-0.6255652,-0.3218516,-0.18995133
R1136_7,0.3270643,-0.5763912,-0.88932633
R1136_8,-0.66742104,0.11879113,0.4972252
R1136_9,-0.07653439,-0.28647903,-0.268977
R1136_10,-0.26823393,0.3056971,-1.2251148
R1136_11,0.4215291,1.613579,-0.05359544
R1136_12,-0.30467778,-0.15464321,-0.8866228
R1136_13,-1.1297288,-0.19524962,-1.0121801
R1136_14,0.3618253,-0.083508715,-0.3699066
R1136_15,-1.3152204,-0.15715942,1.1895542
R1136_16,-0.9484225,-0.5350814,0.19098327
R1136_17,-0.5202289,0.3661061,0.2814371
R1136_18,0.6553534,0.14534938,-0.22337979
R1136_19,-0.491363,0.107217014,0.087805636
R1136_20,-0.65165764,-0.23525454,0.9167518
R1136_21,0.23421866,-1.0194596,-0.33947492
R1136_22,-0.43031248,-0.35457045,-0.11622236
R1136_23,1.0239601,-0.31271526,-1.642067
R1136_24,0.46510148,-0.988142,-0.6146956
R1136_25,0.8531751,-0.36071765,-0.38360786
R1136_26,0.20511565,0.06589056,-0.104623295
R1136_27,0.08327775,-0.4014536,-0.67480344
R1136_28,-0.8616727,-0.12736571,-0.08372016
R1136_29,-1.154868,0.30875924,-0.81436014
R1136_30,0.55024517,0.945861,-0.031993583
R1136_31,-0.67608166,0.20388716,0.36605394
R1136_32,-0.18288939,1.6374856,-0.43508935
R1136_33,-1.8181062,-0.79525554,0.72372586
R1136_34,-0.16892542,0.38325542,0.02016908
R1136_35,-1.1276934,-0.6546948,0.73056996
R1136_36,-0.122955576,-0.12763658,-1.6240649
R1136_37,0.057462573,0.03681773,0.25511727
R1136_38,0.103238404,1.1708581,0.42129755
R1136_39,-0.6182469,-1.0776067,0.2554664
R1136_40,0.35850197,-0.9352459,-0.968777
R1136_41,-0.98110104,-0.93071437,-0.02275157
R1136_42,0.38920796,-0.50788164,-0.8285899
R1136_43,-0.27417052,-0.5490084,-0.48383912
R1136_44,-0.9637567,-0.8449788,0.013740782
R1136_45,-0.06628743,0.078203335,-0.93608224
R1136_46,0.20065203,-1.2013698,0.46355125
R1136_47,0.20347765,-0.14012858,-0.20679605
R1136_48,-0.54800546,-0.7029543,0.48398829
R1136_49,-1.2735366,0.33327034,0.3436551
R1136_50,-0.21462776,0.1157015,-0.25906807
R1136_51,0.953558,0.25288633,0.59531677
R1136_52,-0.556552,-0.120860934,1.7019448
R1136_53,-0.16450255,-0.205999,-0.4886279
R1136_54,0.43754455,0.39558083,0.401403
R1136_55,0.54144114,-0.22519943,-1.152828
R1136_56,1.4207385,-0.1115627,0.24357182
R1136_57,0.062325343,1.4800675,0.2637633
R1136_58,0.74654496,0.10509953,-0.24298927
R1136_59,0.18732929,-0.976827,-0.22922346
R1136_60,0.3464772,-0.28711584,-0.35831288
R1136_61,-0.5134205,0.29862428,-0.83447444
R1136_62,0.29262042,0.56792504,0.07011396
R1136_63,0.21233249,-0.2607724,-1.3808836
R1136_64,0.91414315,-0.96391106,0.4839023
R1136_65,-0.21477686,-0.9392241,0.51919067
R1136_66,0.85704976,-1.5130911,-0.4910331
R1136_67,-0.5251782,0.5380872,0.6350749
R1136_68,-1.2651882,-0.22771835,0.591173
R1136_69,-0.927159,-0.42352623,-1.0907831
R1136_70,-0.69187266,-0.30162913,-0.055975467
R1136_71,-0.10216117,0.15722394,1.3214726
R1136_72,0.16816506,0.31592602,0.4179002
R1136_73,1.5318565,0.056228124,0.60859096
R1136_74,1.3552878,0.44785073,-0.14041874
R1136_75,-0.032270208,0.5177493,0.03410673
R1136_76,0.10723373,-0.30868644,0.60862195
R1136_77,0.23157333,-0.61055666,0.4766334
R1136_78,0.64811516,-0.29954064,-0.3389592
R1136_79,0.9229664,0.4089747,0.27876514
R1136_80,0.63576066,0.21583265,0.15298425
R1136_81,1.0131575,0.3303384,-0.81584716
R1136_82,1.2590518,0.018016666,-0.8100096
R1136_83,0.7438874,-0.036250927,-0.1697442
R1136_84,1.9106448,0.17741135,0.355673
R1136_85,0.8485482,0.43038386,0.36694887
R1136_86,0.92811143,-0.29353738,0.27804053
R1136_87,1.3368468,-0.933941,-0.024176389
R1136_88,-0.112753004,0.49881634,0.7985221
R1136_89,1.4024124,0.15058985,-0.004455328
R1136_90,0.45548326,-0.24980432,0.06325455
R1136_91,-1.0381161,-0.50053585,-0.37215137
R1136_92,0.25608045,0.07624781,0.66506267
R1136_93,0.055539116,-0.3503102,0.46806067
R1136_94,0.14851835,0.6359732,0.4650482
R1136_95,0.2891339,-0.46531174,0.20626637
R1136_96,-0.60148734,0.25684583,0.14528435
R1136_97,-0.09626293,-0.78772116,-1.0387814
R1136_98,-0.98102933,0.88414645,0.06311812
R1136_99,-0.2176808,0.7210158,0.43301958
R1136_100,0.11336508,0.107064545,-0.4824411
R1136_101,-1.2983968,0.48251006,0.26915213
R1136_102,-0.7492289,0.6567207,1.1257187
R1136_103,-0.11597066,0.024902314,0.099806294
R1136_104,-0.6235148,0.3224421,0.7348124
R1136_105,-0.46747378,-0.91022724,-0.9411143
R1136_106,-0.7983741,-0.91895735,-0.33253875
R1136_107,-0.7969561,0.19090039,0.8805744
R1136_108,0.11656663,0.6891573,-0.17491764
R1136_109,-0.36946326,-0.228683,-0.7221271
R1136_110,-1.2262697,0.10790625,0.34212133
R1136_111,-0.8485304,0.3933306,0.08626491
R1136_112,0.42789713,0.6165494,1.2761445
R1136_113,-0.82520974,0.45132947,0.8172555
R1136_114,-0.8889483,0.29805806,-0.36726388
R1136_115,-0.78652793,0.55491793,1.0827727
R1136_116,-1.2807057,0.6084683,1.2436099
R1136_117,-1.3306842,0.8205444,0.76979834
R1136_118,-0.76270425,0.23384288,0.4018531
R1136_119,-0.08844848,0.07517716,0.56296706
R1136_120,1.1644826,-0.32640046,0.5016248
R1136_121,-0.34019664,1.1408478,0.0233908
R1136_122,-0.8658916,0.31204343,1.2415308
R1136_123,0.29642454,0.4999112,0.03551875
R1136_124,0.58421224,-0.27966538,-1.4221575
R1136_125,1.1303084,-0.41353664,0.21322761
R1136_126,0.8987986,-0.04902613,-0.69470584
R1136_127,0.49354258,-0.6314447,0.69535464
R1136_128,0.13858244,0.83399945,1.018004
R1136_129,0.92183846,-0.1460504,-0.18781826
R1136_130,0.14623043,-1.0826305,-0.65578496
R1136_131,-0.20275077,-0.5452919,-1.926801
R1136_132,-0.73731816,0.24733949,-1.4725335
R1136_133,-1.027969,-0.638844,0.2051956
R1136_134,-0.86378086,0.5642377,0.010314077
R1136_135,0.59220475,-1.1133196,-0.10676515
R1136_136,0.4926294,0.56819993,0.7978167
R1136_137,0.02918996,-0.500658,-0.12848519
R1136_138,1.251455,0.37939227,0.37532157
R1136_139,0.7216652,0.4699059,1.1229897
R1136_140,0.5391661,-0.13404304,0.4863623
R1136_141,-0.53166264,-0.26655167,-0.2711463
R1136_142,0.6076107,-0.44190234,0.37068528
R1136_143,-0.8608712,0.3573208,0.6308993
R1136_144,0.022916302,0.17562452,-0.2400797
R1136_145,-0.95412964,0.6602493,-0.8996514
R1136_146,0.69356203,-0.1247904,-1.1379348
R1136_147,0.88578117,-0.17517772,0.20804551
R1136_148,1.2786858,1.0604182,0.18461621
R1136_149,0.93560094,-0.3977177,0.46994215
R1136_150,0.72921133,-1.3292239,-0.23568732
R1136_151,0.39430934,0.2616058,0.06869145
R1136_152,-0.0030302256,-1.1301055,0.05792564
R1136_153,0.619699,-0.46087486,-0.6658797
R1136_154,0.12815985,0.030206949,-0.19907972
R1136_155,1.3095788,-0.018669039,-0.7902003
R1136_156,0.95837814,-0.5160814,-0.17005137
R1136_157,0.6327793,0.24857333,1.0051091
R1136_158,0.0023844838,-0.13509044,-0.15427822
R1136_159,-0.7466316,0.28123257,-0.64581823
R1136_160,1.1668552,0.23594931,-0.045579523
R1136_161,0.5740925,-0.2516384,0.8252192
R1136_162,0.3294786,0.3017569,-0.3264839
R1136_163,0.8197739,-0.57466424,-0.42224002
R1136_164,-1.3856428,-0.10838723,0.74616903
R1136_165,0.16752024,0.28882143,0.6435244
R1136_166,-0.17029133,0.08342099,-0.014435172
R1136_167,-0.66334546,-0.27737743,-1.05812
R1136_168,0.74984276,-0.03568875,-0.13757896
R1136_169,-0.8800092,1.3544741,-0.4751404
R1136_170,0.5079383,0.62867445,0.87073857
R1136_171,0.020355761,0.12446169,-0.42899942
R1136_172,0.5307827,-1.2987549,-0.17447856
R1136_173,0.2747148,-0.87968946,-0.6237478
R1136_174,0.95539105,-0.07473761,-0.5984512
R1136_175,-0.2634449,0.77146214,-0.4088164
R1136_176,0.8437639,0.71757495,-1.3486955
R1136_177,-0.44118252,-0.8748563,-0.08024802
R1136_178,-0.65076405,0.4658226,-0.13068074
R1136_179,-0.87531996,0.66061085,0.047661245
R1136_180,-0.63622123,-0.039296605,0.28744936
R1136_181,-1.0122434,0.4693729,-0.4260689
R1136_182,0.23716258,0.6158115,-1.0588827
R1136_183,-0.89089066,1.2898264,-0.70537543
R1136_184,-0.36757368,-1.1239974,-1.1057199
R1136_185,-0.76683885,-0.69430685,1.1475008
R1136_186,-0.20618303,-0.45120865,0.8980087
R1136_187,-0.54550064,-0.882784,-0.3425825
R1136_188,1.1530399,0.6106049,-0.49196678
R1136_189,0.3391195,0.7558365,0.2999295
R1136_190,-0.023916459,0.020713657,1.3523083
R1136_191,1.2903903,-0.28466034,1.3495929
R1136_192,0.2825114,0.97941935,0.27787971
R1136_193,0.6003376,0.28227946,-1.7431014
R1136_194,-0.05860573,-0.034855694,0.48562363
R1136_195,-0.4936751,-0.024503961,-0.54057205
R1136_196,0.22234443,-1.2514807,-0.95116556
R1136_197,0.7982264,-0.53846693,-0.7173494
R1136_198,-0.27311894,1.0032234,-0.33155674
R1136_199,0.8071871,0.7365192,-0.2639867
R1136_200,0.6028653,1.5007685,0.26812348
R1136_201,0.3369364,0.42728218,-0.9360056
R1136_202,0.652564,-0.63795054,-1.2854869
R1136_203,0.10275641,-0.122500986,-0.22937718
R1136_204,0.4060851,0.12192094,-0.9111828
R1136_205,1.4355166,0.120751075,0.17266582
R1136_206,0.50875753,-0.95914185,1.2416538
R1136_207,-0.3862945,0.40010536,-0.24004045
R1136_208,-0.16712153,1.1817051,-0.57482374
R1136_209,-0.0275255,1.914928,0.75900024
R1136_210,0.5780241,1.3220702,1.4538407
R1136_211,1.2442992,0.61714494,0.76715827
R1136_212,-0.37913722,0.054867372,0.46159682
R1136_213,1.0372117,0.23835513,0.22924858
R1136_214,0.47060892,-0.6714146,-0.047494084
R1136_215,0.9649337,-0.41576496,-1.2915118
R1136_216,-0.5833421,-0.8291326,0.7872046
R1136_217,-0.4933173,0.48379597,-0.31975955
R1136_218,0.41112965,-0.10775873,1.2601578
R1136_219,-0.767841,-0.13295752,-0.056685
R1136_220,-0.8106297,-0.22156566,0.9811243
R1136_221,-0.7679496,-0.24985695,0.5546789
R1136_222,-1.0109897,-1.001218,1.3755102
R1136_223,0.47515145,-0.5045879,-0.42483982
R1136_224,-1.2024906,1.3570381,-0.51388896
R1136_225,-0.34851006,-0.20874184,0.76348567
R1136_226,0.41944325,-1.1482224,-0.75022453
R1136_227,0.24704507,-0.5792584,-1.4380004
R1136_228,-1.6141912,0.30489442,-0.313566
R1136_229,-1.0087922,0.22944152,0.5640076
R1136_230,-0.2641725,0.6108911,0.738369
R1136_231,-0.56259125,-0.13061053,0.6418737
R1136_232,-0.44139373,0.22398242,0.3946417
R1136_233,-0.23051682,-0.39793536,0.9419434
R1136_234,0.17583863,-0.9538404,-0.13522726
R1136_235,1.2655106,-0.2745248,-0.5452069
R1136_236,-1.387836,-0.96005726,-0.04920262
R1136_237,1.0032079,0.5081778,0.79529154
R1136_238,-0.79497206,0.49529228,0.43230247
R1136_239,-0.53815544,-0.6894639,-0.66269666
R1136_240,0.16177511,0.48055425,-0.20983969
R1136_241,-1.1334887,0.08876699,0.055061966
R1136_242,0.8811464,0.946489,-0.1813668
R1136_243,1.3683479,0.631781,-0.0026244447
R1136_244,0.02934736,0.13787916,0.45092458
R1136_245,-0.30823454,-0.92965007,0.034048855
R1136_246,1.310461,0.98192275,0.20959717
R1136_247,-0.08561289,-0.3952118,-0.18694672
R1136_248,-0.49222392,-1.2842903,1.1288327
R1136_249,0.31453854,-1.4353443,0.6286391
R1136_250,0.2557112,-0.50588673,0.21127069
R1136_251,-0.43923774,0.6368749,-0.13843025
R1136_252,-0.06405519,-1.054137,-0.6828325
R1136_253,-0.48838183,0.8071654,-1.3101196
R1136_254,0.16673753,-0.53016627,-0.23201343
R1136_255,0.43211517,0.16849867,-0.33993277
R1136_256,0.049405783,1.1654809,0.66826
R1136_257,-0.37361324,0.9040453,0.14113367
R1136_258,0.16804743,-0.16023275,-0.14061369
R1136_259,-1.2485083,-0.119601876,-0.51257443
R1136_260,-0.50563157,-0.8607815,-0.8438257
R1136_261,-0.92004377,0.26216397,-1.0891613
R1136_262,-0.41029483,-0.7284768,0.25639123
R1136_263,0.30974302,0.57808846,-0.7937833
R1136_264,0.3263645,-0.5559436,-1.2650641
R1136_265,1.0950999,-0.25168797,-0.5787596
R1136_266,-0.84119964,-1.1570085,-1.0603338
R1136_267,0.2872773,-0.6721163,-1.4778898
R1136_268,-0.3955511,0.35243845,-0.89776623
R1136_269,0.5111239,0.5646782,-1.3270104
R1136_270,1.0505128,0.17512079,-0.20777701
R1136_271,0.9846496,0.5381733,0.8502924
R1136_272,0.44833165,-0.4295045,-0.5157693
R1136_273,0.5182285,0.044852406,-1.1897583
R1136_274,-0.27551225,0.31751645,-0.16719754
R1136_275,-0.7176748,-0.97662187,1.2839181
R1136_276,0.39749035,-0.695779,0.45855594
R1136_277,-0.53592455,-0.27904207,0.09085068
R1136_278,0.236384,-0.62812,-0.5518481
R1136_279,-0.9188366,-0.6080035,0.753332
R1136_280,-0.2892148,-0.429887,0.13595602
R1136_281,-0.62332845,-0.100574255,-0.6638967
R1136_282,-0.055081837,0.87376636,-0.6096201
R1136_283,-1.1567718,0.53792256,0.09307113
R1136_284,-0.8916747,0.3545642,0.65131813
R1136_285,0.4865238,1.3606305,0.26541764
R1136_286,-1.2303531,0.2957632,-0.52397233
R1136_287,0.23526666,-0.5497687,0.7944659
R1136_288,-0.57495284,0.0999237,-0.43333843
R1136_289,0.24975863,0.12268189,-0.5247508
R1136_290,-0.57379293,-0.40566638,0.9495269
R1136_291,0.8658485,-0.7685889,-0.14413492
R1136_292,-1.2810736,-0.15885854,0.46417296
R1136_293,-1.3930929,0.014412582,-0.09316838
R1136_294,1.0075725,-0.33689362,1.3904645
R1136_295,-0.8373155,1.3153931,-0.024939299
R1136_296,0.010146871,0.97273237,0.46038935
R1136_297,-1.0227172,1.2003062,0.29161114
R1136_298,-0.24665195,1.0023894,0.71891224
R1136_299,-1.7170027,-0.45191506,-0.118571594
R1136_300,-0.24512312,-0.68688214,0.23341343
R1136_301,-0.114899054,-0.89503694,-0.907234
R1136_302,-0.27088922,-0.7436743,0.14992797
R1136_303,-1.8245403,-1.0024415,-0.088829875
R1136_304,0.48674363,0.37976962,0.9545619
R1136_305,0.43560013,-0.6735983,-0.54566085
R1136_306,0.94747025,-0.25517535,0.02459278
R1136_307,-0.22462323,0.119701244,-0.50672084
R1136_308,0.41945148,0.007645309,0.11142348
R1136_309,-0.007412538,1.1310607,0.19222
R1136_310,0.5169452,-0.67987835,-0.5152602
R1136_311,-0.64073634,0.31311774,-1.422113
R1136_312,-0.059152246,0.011899978,-0.66817296
R1136_313,-0.81842685,0.38808417,0.31037712
R1136_314,-1.0206145,0.08255747,0.18206248
R1136_315,0.3496784,0.3224017,0.078749806
R1136_316,1.126677,-0.78609335,-1.1038148
R1136_317,1.2657974,0.61929995,0.2081244
R1136_318,-0.9544488,-0.020759225,0.13524342
R1136_319,0.2063654,-0.06173137,-0.5657788
R1136_320,-0.7609979,0.6826695,0.9982247
R1136_321,0.33893168,0.94578755,0.07818874
R1136_322,1.121898,-0.491332,-0.6911899
R1136_323,0.6659814,0.9824579,1.3510276
R1136_324,-0.55030155,-0.97600996,0.8746945
R1136_325,-0.24001496,0.6788026,0.3937404
R1136_326,1.0433972,0.8456266,0.6287257
R1136_327,-0.6755886,0.28870466,0.5044098
R1136_328,-1.1728985,0.7456135,-0.8176935
R1136_329,-0.5452648,-0.28419608,0.12271142
R1136_330,-2.092123e-05,-0.47488552,0.3594501
R1136_331,-0.42107266,-0.39333737,-0.37304118
R1136_332,0.30764863,-0.37231565,0.48965976
R1136_333,-0.14067695,0.044601686,-1.0345668
R1136_334,0.8784764,0.2282592,-0.77226293
R1136_335,0.63894117,-0.51139027,0.847458
R1136_336,-0.83138055,0.2603373,1.1560671
R1136_337,-1.001054,-0.81549096,-0.66915447
R1136_338,-0.5497768,-0.8874688,0.09842226
R1136_339,0.79507214,-0.38255766,0.4209829
R1136_340,-0.010731161,-0.7746236,0.2810549
R1136_341,1.1787276,0.18327478,0.08203909
R1136_342,0.008940794,-0.5390402,0.99040544
R1136_343,-0.727916,0.3273734,-0.22711906
R1136_344,-1.2663109,0.56862926,0.52056634
R1136_345,0.5045934,-0.11087548,0.16640866
R1136_346,0.4620101,0.47354296,0.5590154
R1136_347,-0.08170779,-0.2660104,-0.4957563
R1136_348,0.74682486,-0.51658005,-0.8385111
R1136_349,-0.5973445,-1.3484399,0.46047825
R1136_350,0.005663067,-1.3829899,0.48254803
R1136_351,0.5060284,-1.0622118,0.62254584
R1136_352,0.6158961,1.2198485,0.29754615
R1136_353,1.4338164,-0.7467895,0.393967
R1136_354,0.45598355,-0.91891146,0.8987925
R1136_355,-1.0353553,0.91844326,-0.32798374
R1136_356,-0.5472392,-0.4882804,-0.2144846
R1136_357,-0.07756472,1.3293713,0.21135557
R1136_358,-0.84028214,0.7578337,0.69659543
R1136_359,-0.33508307,-0.031001925,1.200514
R1136_360,0.49701947,-0.47795495,-1.0007894
R1136_361,-0.6830387,-0.40227813,0.07584664
R1136_362,-0.79866505,-0.1781973,0.60456127
R1136_363,-1.1087408,-0.13727945,0.5982988
R1136_364,-0.5121346,0.44898704,0.7431609
R1136_365,-1.4943385,1.0082757,0.9993239
R1136_366,0.24956448,0.92850053,-0.59891355
R1136_367,0.8315842,-0.09547225,0.25642315
R1136_368,-0.70712656,0.72572184,-0.64389914
R1136_369,-0.21365966,-0.78600156,1.351968
R1136_370,-0.4804386,-0.53828824,0.5115069
R1136_371,-1.18824,0.16070534,0.55007416
R1136_372,0.08565306,-0.19693819,-1.1559733
R1136_373,1.9940126,0.42102635,-0.07135798
R1136_374,-0.117614344,0.30777228,-0.45929706
R1138_1,-0.19976239,0.36598113,1.3740175
R1138_2,-0.8461473,0.18826455,1.7898823
R1138_3,1.1602281,-0.4125102,0.824193
R1138_4,0.88254774,-0.6857023,1.1764867
R1138_5,0.83817637,-0.74090576,1.9313931
R1138_6,0.14563775,-1.0542712,1.5712514
R1138_7,-0.36742362,0.0282152,0.58132637
R1138_8,-0.7161712,-0.049420536,0.34454635
R1138_9,-0.15893817,-0.6671396,1.0852667
R1138_10,0.690798,-0.32930672,0.6725818
R1138_11,0.51635516,0.015066117,0.18184046
R1138_12,0.38257992,-0.4738901,0.13353413
R1138_13,-0.59042966,-0.26410478,0.37280837
R1138_14,-0.18796153,-0.38284042,0.65071857
R1138_15,0.33522838,-1.3223047,-0.01776126
R1138_16,0.19700217,-0.496301,0.052891962
R1138_17,0.11016542,0.41655245,0.052726693
R1138_18,0.66395,0.61437464,-0.14103991
R1138_19,0.5692872,0.3369377,0.06953782
R1138_20,0.1716716,0.66980803,0.21799523
R1138_21,-0.12724696,0.58437634,0.15964438
R1138_22,0.3942441,1.2484142,-0.36739016
R1138_23,0.0723913,0.7590898,0.0138837695
R1138_24,-0.42206618,0.47705686,0.3839364
R1138_25,-0.22403342,0.2335709,1.0145483
R1138_26,-0.108134195,0.0962863,0.08691743
R1138_27,0.3883267,0.17771983,0.6517518
R1138_28,0.58801025,1.416885,1.0721635
R1138_29,0.7248437,0.23000395,1.0584652
R1138_30,0.50386196,1.1185896,0.32432798
R1138_31,0.22721711,1.4416256,0.9578692
R1138_32,0.5934804,0.7826158,0.8603894
R1138_33,0.5863321,0.54120666,-0.04248503
R1138_34,0.032401666,-0.0820255,0.7889372
R1138_35,0.51062286,1.2560258,1.5149559
R1138_36,0.42326057,0.88834727,-0.007283747
R1138_37,0.6524192,1.381952,-0.023516975
R1138_38,0.7272289,1.7609395,0.91484874
R1138_39,-0.42596412,0.3156989,0.92316276
R1138_40,0.56337315,0.33826074,0.66417253
R1138_41,1.2063329,0.29734653,0.5572032
R1138_42,-0.6105677,0.12831655,0.1757989
R1138_43,0.9167552,-0.7296287,0.34352565
R1138_44,-0.015385736,-0.25540718,0.2991585
R1138_45,-0.047812574,0.6046497,0.2137863
R1138_46,-0.23258649,0.690315,0.22140345
R1138_47,0.5567658,-0.27286524,0.25082934
R1138_48,0.3515603,-0.22526875,-0.4134243
R1138_49,0.6506852,0.53382105,-0.0014915988
R1138_50,0.6861212,0.31615704,0.15086347
R1138_51,1.191594,-0.25596213,-0.30273855
R1138_52,0.28425163,0.22290194,0.9053307
R1138_53,-0.54646134,-0.43491647,0.18234628
R1138_54,0.82619387,0.8032067,0.48568392
R1138_55,0.027302235,0.36618423,-0.5684042
R1138_56,0.5652818,0.09713012,0.10755181
R1138_57,-0.28881294,1.0055096,-0.8865244
R1138_58,0.43702894,0.3201684,-0.27155817
R1138_59,0.8094524,0.089018,-0.36547366
R1138_60,0.04785782,-0.11675047,-0.9341285
R1138_61,-0.08363813,-0.25433335,-1.2281344
R1138_62,0.090104826,-0.0859102,-0.2917549
R1138_63,0.0091333985,0.12426175,-1.1595819
R1138_64,0.19737136,0.20712787,-0.8470725
R1138_65,0.15091765,0.18605438,-0.28151578
R1138_66,0.75475156,-0.105998956,0.5667523
R1138_67,0.4777433,1.0917202,-1.2799424
R1138_68,0.23854792,0.6999912,-0.44456387
R1138_69,0.7863742,0.73585,-0.62731767
R1138_70,-0.31870225,0.14693476,-0.27687427
R1138_71,0.91684914,0.057590544,0.052675635
R1138_72,0.1285041,0.1894019,-0.5620521
R1138_73,0.4369606,0.018225528,0.60477215
R1138_74,0.37215644,-0.08476362,-0.6187376
R1138_75,0.2821948,-0.9947698,-0.17664775
R1138_76,-0.07171972,-1.0127354,0.06318119
R1138_77,0.1590922,0.059367567,-0.25912923
R1138_78,-0.59275305,-0.9812625,0.60455716
R1138_79,-0.20509028,0.116267025,-0.9912003
R1138_80,-0.2679793,0.046777427,0.05347842
R1138_81,-0.10586016,-0.49892282,-0.50611436
R1138_82,-0.66206694,-0.5087624,0.18149838
R1138_83,-0.7973913,0.50527215,-0.7442877
R1138_84,0.52251023,-0.45049015,-0.69411075
R1138_85,0.19935006,-0.43008724,-0.5837586
R1138_86,-0.12485422,-0.3813304,-0.23780695
R1138_87,-0.89712894,-0.7047771,-0.32807454
R1138_88,-1.1722167,-0.6001533,-0.3710975
R1138_89,-1.2261914,-0.66836363,-0.23981814
R1138_90,-0.84652126,0.024522841,0.23417145
R1138_91,-1.3619431,0.15369862,-1.061131
R1138_92,-0.32791048,-1.2303668,0.0387019
R1138_93,-0.7932973,-1.0363306,-0.07464416
R1138_94,-1.1724054,-0.091733314,-0.27363104
R1138_95,-0.7217999,-0.8629854,-0.15975264
R1138_96,0.007902801,-0.16191667,-0.7300407
R1138_97,-0.37185353,0.06894213,-1.6077092
R1138_98,-0.649802,-0.37579274,0.08987063
R1138_99,-0.052622765,-0.301892,0.5066035
R1138_100,-0.7371317,-0.43894935,-0.23136684
R1138_101,-0.35987484,-0.62815064,0.8693047
R1138_102,-0.78624976,-0.3221114,-0.011482298
R1138_103,-0.6293245,0.19022027,0.016241372
R1138_104,-0.612151,-0.7630963,0.09630114
R1138_105,-0.94183743,-0.9147052,-0.5974665
R1138_106,0.59476006,-0.030614965,-0.41977927
R1138_107,-0.40606147,-0.09940737,-0.012322128
R1138_108,-0.07529488,0.42587093,-0.6169009
R1138_109,-0.36379725,0.17608395,-0.19968197
R1138_110,-0.017851427,0.49980634,-0.474258
R1138_111,-1.0798008,0.03126034,-0.19633037
R1138_112,-0.7200483,-0.32069713,0.35833868
R1138_113,-0.7901532,0.32945707,-0.1952672
R1138_114,-1.383422,-0.09829568,-1.0070378
R1138_115,-1.4186064,0.71739304,-1.4907947
R1138_116,-1.4408622,0.46905413,-0.39827543
R1138_117,-0.66406393,0.2659775,-0.78374153
R1138_118,-1.2161751,0.16974509,-0.34357998
R1138_119,-1.6278688,-0.4969417,-0.9302278
R1138_120,-1.2727346,0.03491226,-0.4687821
R1138_121,-1.349155,-0.14028256,-0.634645
R1138_122,-1.2112386,-0.22281957,-0.7132882
R1138_123,0.1049134,0.2961505,1.275895
R1138_124,0.17129153,1.6253183,0.051692344
R1138_125,0.53713506,1.060335,0.28584787
R1138_126,1.0120802,1.4784327,-0.16053918
R1138_127,1.05167,0.94614756,0.5423754
R1138_128,1.3853023,0.25360307,1.7443
R1138_129,-0.48897752,-0.31630105,1.0216795
R1138_130,-0.93023527,-0.61815435,-0.17984614
R1138_131,-0.14606602,0.043492623,-0.86873037
R1138_132,0.067282625,0.5676754,-0.5782765
R1138_133,-1.5668287,-1.127129,-0.08710649
R1138_134,0.5944504,-0.55918014,1.1482956
R1138_135,0.7515626,-0.63980377,0.3767228
R1138_136,-0.19550283,0.5111999,0.98401713
R1138_137,-0.2874744,-0.24513398,0.23491034
R1138_138,0.16427436,-0.3736479,-0.46134448
R1138_139,-0.74872553,-0.3584015,-0.29201776
R1138_140,-0.303146,0.892406,-0.06912266
R1138_141,-0.44126737,0.93282664,-0.18522877
R1138_142,-0.81245786,-1.1401778,0.029653125
R1138_143,-1.206826,-0.33750552,-0.6184741
R1138_144,-0.49045414,-0.67835903,-0.632733
R1138_145,-1.2634286,0.3690251,-1.2888368
R1138_146,-1.4895788,0.0023112595,-0.44718856
R1138_147,-1.5010872,-0.6876855,0.05878663
R1138_148,-0.73629856,0.38648894,-1.2091318
R1138_149,-1.5021887,-0.18975526,0.5342415
R1138_150,1.0246816,-0.75886685,-0.5598538
R1138_151,-0.783931,0.0300444,-0.56220955
R1138_152,-0.07855571,-1.2540468,-0.5737772
R1138_153,0.81302464,0.8244711,0.16182107
R1138_154,-0.5615654,1.1812596,-0.14299825
R1138_155,-0.44637907,-0.78383684,-1.5909392
R1138_156,0.59650296,-0.060174257,-0.02493599
R1138_157,-1.1975816,1.1271923,-0.16762687
R1138_158,-0.6115294,-0.23271835,0.2513522
R1138_159,-0.66101265,-0.039662093,-0.5791841
R1138_160,1.3125403,-0.40596414,0.7854239
R1138_161,-1.6586043,-1.1612021,1.1968561
R1138_162,-0.14806944,1.0786433,-0.33805394
R1138_163,-0.44071048,-0.17979231,0.2607656
R1138_164,-0.6823451,-0.24146762,0.031535447
R1138_165,0.64716804,0.8857323,1.217925
R1138_166,-0.23085424,0.93943936,-0.7177879
R1138_167,-0.25950938,-0.4132377,-0.16917881
R1138_168,1.3259153,0.2891865,0.66088104
R1138_169,-1.3136249,1.8070939,-0.17556699
R1138_170,0.35606778,0.49754977,0.18443048
R1138_171,-0.5762136,-0.52691686,-0.4112035
R1138_172,0.44824028,-1.3011167,0.054449007
R1138_173,-0.23795177,-0.9206584,-0.6034937
R1138_174,0.41477424,-0.9721215,-0.61555815
R1138_175,0.37660044,-0.20938402,-1.1354039
R1138_176,0.29697752,-0.2525089,-0.8683015
R1138_177,-0.044253945,-0.6122123,-0.1669223
R1138_178,-0.50016975,-0.25619102,-0.24399409
R1138_179,-0.11677438,-0.4724846,-0.114895165
R1138_180,-0.016129687,0.25706878,0.6119608
R1138_181,1.276415,0.43307853,0.5652821
R1138_182,-0.85360277,-0.22519574,0.7279323
R1138_183,0.09982157,-0.49658683,-0.43912312
R1138_184,-0.8635842,-0.094926246,-1.0563412
R1138_185,-0.20800757,0.09577137,-0.2510123
R1138_186,-0.12437622,0.007991672,0.47895536
R1138_187,0.23384836,0.3601337,0.39752835
R1138_188,0.5869975,1.1832422,-0.7984893
R1138_189,0.036509275,1.2289525,-0.7069298
R1138_190,-0.5221977,-0.64226425,-1.0369205
R1138_191,0.019998193,-0.08939901,1.1018074
R1138_192,-0.4748181,0.8145493,-1.268568
R1138_193,-0.32046956,-0.96910816,-1.2468925
R1138_194,-0.12084016,0.28304198,0.43823203
R1138_195,0.11277506,-0.77162313,0.57326293
R1138_196,0.5693983,0.57319796,-0.6454178
R1138_197,-0.43956292,0.5242273,-0.4208321
R1138_198,-1.1219292,0.9364432,-0.35513896
R1138_199,-0.5869355,-0.031446643,0.88935566
R1138_200,0.2813995,-0.5095036,0.7309065
R1138_201,0.8650869,0.3918767,-0.23657472
R1138_202,0.9171671,-0.07923457,-0.509081
R1138_203,0.4496926,-0.60937625,0.09178115
R1138_204,-1.0511739,-0.733485,0.2487992
R1138_205,-0.79534006,0.37633348,-0.9445317
R1138_206,0.22155643,0.022002414,0.54469794
R1138_207,-0.90627944,0.7886051,0.61804867
R1138_208,-0.08675955,1.065334,-0.07015553
R1138_209,-0.03250265,-0.50409037,0.43233922
R1138_210,-0.37157094,0.67976606,-0.3015859
R1138_211,0.6669823,-0.16586551,-0.41694978
R1138_212,-0.11307162,0.77309716,-0.70007455
R1138_213,0.120512724,0.45899427,0.097713195
R1138_214,0.2771463,-0.14092016,-0.11144108
R1138_215,0.24389969,-0.78128046,0.53132343
R1138_216,-0.31887466,-0.6196747,-1.1875571
R1138_217,-0.91638356,0.3713478,-0.21339265
R1138_218,0.32955992,-0.8013694,0.8688047
R1138_219,-0.84845734,0.7269744,-0.8108251
R1138_220,-0.64296174,-0.12684178,-0.26628616
R1138_221,-1.2480669,0.39972055,-0.043927558
R1138_222,-1.9266882,0.8818836,1.0145724
R1138_223,-0.052100435,0.19540167,-0.29622284
R1138_224,-0.06191133,1.2682164,-0.5640774
R1138_225,0.4499956,-0.224884,1.4350305
R1138_226,0.13545564,-0.130081,-0.6449131
R1138_227,0.81418747,0.97705066,0.47018698
R1138_228,0.7809135,0.993481,-0.08824389
R1138_229,0.15488058,1.1167669,-0.360825
R1138_230,-0.451353,-0.0054769516,-1.0151017
R1138_231,-0.32464042,-1.161687,0.58600676
R1138_232,-0.31547543,0.05416488,-0.34873796
R1138_233,-0.08510658,-0.23811598,-0.6922613
R1138_234,0.99750894,0.24622717,0.3773585
R1138_235,1.1767267,0.3257546,-0.16844356
R1138_236,-0.7617996,-0.8856401,0.73621386
R1138_237,0.94985276,0.7128154,-0.42363292
R1138_238,0.12097514,0.54174703,-0.21040641
R1138_239,0.9399507,-0.37185642,0.0304953
R1138_240,0.8009876,0.028123006,-0.34282127
R1138_241,-0.48078007,0.8798907,-1.1166677
R1138_242,0.26362395,0.67876786,-0.6818245
R1138_243,0.7134652,0.42578328,-0.29467934
R1138_244,0.117874175,-0.346322,0.81239235
R1138_245,0.17794093,-0.8964052,0.05070749
R1138_246,0.06980811,0.46680912,0.16193569
R1138_247,0.2901888,-1.0247629,-0.6081832
R1138_248,-0.559623,-1.3370064,1.6268246
R1138_249,0.49856883,-0.8201134,-0.15266386
R1138_250,0.23400587,-1.7120438,1.1336637
R1138_251,0.32816666,-0.37692896,1.0322713
R1138_252,-0.4414573,-0.42579156,0.43157142
R1138_253,-1.6632054,-0.7329533,-0.6341578
R1138_254,-0.4569958,-0.5751655,0.45535848
R1138_255,0.83307993,0.059415907,0.63527906
R1138_256,-0.87382144,0.68687034,0.21178573
R1138_257,-0.97607327,-0.40369526,-0.26574048
R1138_258,1.9268585,-0.49217743,1.2170517
R1138_259,-0.3537277,-0.05723819,-0.21822485
R1138_260,0.8629209,-0.5581075,0.76684904
R1138_261,-0.17242438,1.4584465,1.787456
R1138_262,-0.32471633,0.5211065,0.37509197
R1138_263,-0.1273575,1.1162972,1.0185946
R1138_264,0.21960258,-0.13920477,0.5250839
R1138_265,0.7748503,0.11206779,0.56559956
R1138_266,-1.2200406,0.609952,0.6370803
R1138_267,-1.4231224,-0.21931654,0.13060623
R1138_268,0.6310792,0.5788811,0.8420218
R1138_269,-1.2212422,0.70343935,-0.425296
R1138_270,-0.9897309,0.99288845,-0.39576542
R1138_271,0.6406103,0.60305965,0.35758314
R1138_272,-0.92550987,0.91005015,0.94994223
R1138_273,0.27984264,0.6879684,-0.45806903
R1138_274,0.29426914,0.39995554,-0.052411735
R1138_275,-0.78161716,0.1744999,-1.2634044
R1138_276,-0.5994911,-0.38649166,-0.712975
R1138_277,-0.38334793,0.15329464,-0.571297
R1138_278,-0.55771977,0.9554142,0.5908843
R1138_279,0.303991,0.01913254,-0.27244392
R1138_280,0.371458,0.38609475,0.41342273
R1138_281,0.61630887,0.3446312,0.03924454
R1138_282,-0.05864656,0.9178604,-0.84681517
R1138_283,-0.04913491,1.1263403,0.59576166
R1138_284,-0.9071421,0.51848286,-0.71599877
R1138_285,-0.09849785,0.52684164,0.5152907
R1138_286,0.65142834,-0.4540409,0.25933245
R1138_287,1.1612875,-1.1509124,0.099664554
R1138_288,-1.0731424,1.1006274,-0.08383337
R1138_289,0.31119126,0.6991457,-0.7402091
R1138_290,0.53605163,0.09587774,1.6116786
R1138_291,1.726269,0.19182703,-0.14647189
R1138_292,-0.12361282,0.6479784,-0.05626329
R1138_293,-0.1883629,0.058900066,0.495638
R1138_294,0.09776914,-0.491019,1.6600444
R1138_295,0.77540165,-0.41657057,-0.29385853
R1138_296,-0.56977314,-1.3773483,0.081293106
R1138_297,0.4758844,-1.0710669,0.45511124
R1138_298,0.8434707,0.5025728,0.23558424
R1138_299,0.44957656,0.5424749,-0.34165496
R1138_300,0.6884758,0.3403447,0.22989148
R1138_301,0.8234664,-0.057726145,-0.4863767
R1138_302,-0.48644102,-0.54758024,0.14815375
R1138_303,-1.2124517,0.8176869,0.48437592
R1138_304,-0.36838213,0.8392792,0.11188504
R1138_305,-0.3692297,0.7665685,-0.58785176
R1138_306,0.24485026,-0.42806703,-0.37217933
R1138_307,-1.0884805,0.4313543,0.06640455
R1138_308,-0.020505086,-0.55156255,1.2949638
R1138_309,-0.6597097,-1.0691648,0.7894873
R1138_310,0.5905359,-0.95263135,-0.25261858
R1138_311,-0.47751066,0.7310027,0.006794721
R1138_312,0.44809327,-0.042736053,-0.56424946
R1138_313,-0.13297088,-0.4060492,-0.40503198
R1138_314,-0.7740902,-1.430198,-0.22502136
R1138_315,1.103547,0.025155038,-0.7169262
R1138_316,0.6007616,-1.3091167,-0.5548823
R1138_317,0.26318452,0.23477416,-0.5077835
R1138_318,-0.08077191,0.37307775,0.8491689
R1138_319,0.7633036,-0.46368697,0.5496857
R1138_320,-1.0749012,0.74861586,1.2599432
R1138_321,1.4245334,-0.6129341,0.34467164
R1138_322,1.1702241,-0.93351173,-0.5510919
R1138_323,0.020958811,-0.6174809,1.128374
R1138_324,-1.8375212,-1.0429478,1.6391286
R1138_325,0.20867608,0.81312096,-0.22596443
R1138_326,0.38193345,-0.72992885,0.37297463
R1138_327,-0.67303836,-0.49269858,-1.8003311
R1138_328,-0.31175706,1.2285877,-1.2952851
R1138_329,0.6911601,-0.19029811,0.15129393
R1138_330,-1.6677916,-0.09325875,0.5056034
R1138_331,-0.004310474,-0.2724626,0.58501124
R1138_332,-0.27527314,-0.30450198,0.85740364
R1138_333,0.46052915,-0.25533643,-0.7327237
R1138_334,0.045022607,-0.5022988,-1.1610802
R1138_335,1.3758726,-0.48176578,-0.4577681
R1138_336,-1.1059527,1.2918743,-1.4569869
R1138_337,-0.5293641,0.20688082,-0.8600348
R1138_338,0.63905084,-0.6887514,-0.031504884
R1138_339,-0.17886832,-0.81242454,-0.020494618
R1138_340,-0.05060032,-0.81378794,0.045394927
R1138_341,1.186894,0.8732387,-0.2445448
R1138_342,-0.56355715,-1.3732922,1.3103411
R1138_343,-1.3015306,0.4997998,0.98331976
R1138_344,-0.5913609,-1.5389669,1.321324
R1138_345,0.6696177,-0.54856575,1.5032405
R1138_346,0.77401185,-0.29906192,-0.2766417
R1138_347,-1.0527735,-0.34074327,-1.323506
R1138_348,1.1002202,-0.23034772,-0.53233415
R1138_349,-1.2138009,-0.5714262,-0.8105809
R1138_350,-0.43547183,-1.1855934,0.055514425
R1138_351,0.17214808,-0.46347225,0.14894268
R1138_352,-0.05095449,1.2522144,-0.12078795
R1138_353,-0.5659169,-0.9792074,0.44676733
R1138_354,1.0274321,-1.2987571,0.301332
R1138_355,0.9255174,-0.35464913,-0.19729075
R1138_356,0.27265185,-0.971318,0.71433914
R1138_357,1.5520692,1.4617343,0.19917202
R1138_358,0.14579931,-0.419415,-0.28458768
R1138_359,0.069978625,1.1193956,-0.34188166
R1138_360,-0.8120822,0.36677286,-1.2953713
R1138_361,-0.65102196,-0.43012848,-0.39490673
R1138_362,-0.93640614,-1.1172259,-0.7923729
R1138_363,-0.10472335,0.13100459,0.87288046
R1138_364,0.6118027,0.9318814,-0.14823166
R1138_365,0.5458126,1.8912529,-0.33816406
R1138_366,1.2546594,0.2770411,-0.33194816
R1138_367,0.84359336,-0.1290986,-0.8158518
R1138_368,-1.1753969,-0.046876416,-0.81559706
R1138_369,-0.7150943,-1.116918,0.7260575
R1138_370,0.49752134,-0.82441276,0.030243158
R1138_371,-0.23339479,0.58037806,-0.09954134
R1138_372,0.3813855,0.77618945,0.31089294
R1138_373,1.3772135,0.9426516,-0.16050151
R1138_374,0.6907716,0.663951,-0.062055938
R1138_375,1.12437,0.059200317,0.5202129
R1138_376,0.44685978,-0.07127072,0.7276325
R1138_377,-0.92683136,0.07939303,1.3653796
R1138_378,-0.44739455,-0.766891,0.974395
R1138_379,-0.5719837,0.08971289,0.21963558
R1138_380,-0.51087344,0.34346768,-0.6742313
R1138_381,1.0681162,-0.13433114,0.20004629
R1138_382,-0.14921302,0.5325723,0.3897422
R1138_383,0.06295474,0.5583111,-0.4947711
R1138_384,0.44354308,1.1408229,0.24443072
R1138_385,0.39753872,0.14138386,0.9777617
R1138_386,0.18773285,1.1762414,0.5302868
R1138_387,1.4129343,-0.8227335,0.85694575
R1138_388,0.722548,-0.80752945,0.16730897
R1138_389,0.06740508,-0.24345239,-0.26987466
R1138_390,0.8554281,-0.7334541,0.9285166
R1138_391,-0.4325105,-0.62508863,-0.3124668
R1138_392,0.84617317,-0.3775367,1.9083464
R1138_393,0.024737025,-0.42939368,-0.11899405
R1138_394,-0.48510772,1.2426845,-0.42383954
R1138_395,-0.67365694,0.43937,-1.4187901
R1138_396,-1.0673171,-0.07953954,-0.0059447885
R1138_397,-0.23894522,-0.7104629,-0.17516989
R1138_398,0.15826665,-1.3154424,-0.45779034
R1138_399,-0.57648534,-0.56912386,1.9537503
R1138_400,0.38516897,0.39795554,-0.6983882
R1149_1,-0.9447935,0.5125018,-1.7092471
R1149_2,-0.92480826,-0.2697779,-1.9208024
R1149_3,-0.4469089,0.3727013,-2.0017276
R1149_4,-0.48739824,-0.15683311,-1.7971804
R1149_5,0.39719772,0.38824514,-1.6122568
R1149_6,0.73045975,-0.08531568,-1.5044504
R1149_7,0.7759688,0.5154867,-0.4750775
R1149_8,1.0648271,-0.31341657,-0.96361774
R1149_9,-0.6072803,1.0806,-1.462787
R1149_10,-0.7773653,1.34144,-1.2806606
R1149_11,-0.5953501,1.5041139,-0.70400125
R1149_12,-1.2997569,0.3918343,-0.32567695
R1149_13,-1.1219926,0.83231807,-0.18449363
R1149_14,-0.59931487,-0.50538224,-0.5053514
R1149_15,-0.12160201,0.16720608,-0.16147715
R1149_16,-0.13375613,-0.45979014,-0.9922701
R1149_17,0.24006008,-0.43146226,-0.81983703
R1149_18,1.1646396,-0.40064666,-0.66120124
R1149_19,0.6350362,-0.42269585,-0.62789375
R1149_20,0.9567421,-0.28319597,-0.35342127
R1149_21,0.34112215,-0.09214429,-0.34285945
R1149_22,1.0798095,-0.20994714,0.34175763
R1149_23,0.058667183,0.17461172,-0.36988986
R1149_24,-0.79527384,0.43493348,-0.32446036
R1149_25,-0.8967108,0.15832719,0.15156552
R1149_26,-0.5967787,0.2333593,-0.076273195
R1149_27,-0.93520564,0.26116586,-0.09569483
R1149_28,-1.1881949,0.68426055,0.4681836
R1149_29,-0.322975,0.7003606,0.75368834
R1149_30,-0.2288041,0.49644026,0.96422154
R1149_31,0.27560273,1.0877455,0.32149768
R1149_32,0.869657,0.7676502,0.44393644
R1149_33,0.7576198,0.56866485,0.6570989
R1149_34,-0.30604798,0.33263904,0.67231596
R1149_35,-0.73523515,0.2756763,1.4286661
R1149_36,-1.7379907,0.65931326,0.49436948
R1149_37,-0.78071237,0.73721063,1.1585212
R1149_38,-0.08513175,1.3828284,1.145158
R1149_39,0.010426836,0.06041392,0.61337477
R1149_40,-0.732203,1.0196059,1.1846867
R1149_41,0.19167781,0.5446069,0.72789913
R1149_42,0.24747817,0.8702435,1.4705074
R1149_43,-0.22958826,1.2232177,1.1147387
R1149_44,-0.16023703,1.7912943,1.2195507
R1149_45,-1.0781015,1.2512915,1.0703354
R1149_46,-0.7813769,1.0910094,0.9400694
R1149_47,-0.33696005,0.47499034,0.93586594
R1149_48,-0.15790038,1.1645567,0.71107095
R1149_49,-0.39157918,0.5248277,0.33688143
R1149_50,-0.4075666,-0.13394156,0.6831393
R1149_51,0.092613645,0.567406,0.7633826
R1149_52,0.4152184,0.19733873,0.41855583
R1149_53,-0.7354991,0.17682284,0.33073464
R1149_54,-0.8286479,-0.0275485,0.7522816
R1149_55,-1.286848,0.9327137,1.0584209
R1149_56,-1.5868837,0.03369928,0.5400916
R1149_57,-1.4591033,0.6709643,0.92090154
R1149_58,-0.22219414,-0.19226134,0.4636834
R1149_59,0.22972502,-0.6588543,0.72659296
R1149_60,1.0532386,-0.5959796,0.1951493
R1149_61,-0.020849748,-0.47319463,0.5692883
R1149_62,0.43964964,-1.2753599,0.40053803
R1149_63,0.41934958,-0.46329468,0.73789454
R1149_64,0.62678295,-0.105251074,0.29264754
R1149_65,0.65855604,-0.537106,0.4055629
R1149_66,0.5192444,-0.5178828,0.7294625
R1149_67,-0.10920042,0.6530343,0.8026797
R1149_68,-0.60806453,-0.6295119,0.5486497
R1149_69,0.21032852,-0.17037481,0.19052806
R1149_70,-0.41822913,-0.22251156,0.10537935
R1149_71,-0.23344688,-0.9459594,0.35608748
R1149_72,1.0476937,-0.82329845,0.083824284
R1149_73,1.1488994,-0.87877417,-0.2850464
R1149_74,1.2502456,-0.6716011,0.11068744
R1149_75,0.62879664,-0.17588434,0.13910142
R1149_76,0.73988897,-1.1663693,-0.16840276
R1149_77,0.6031307,-1.18058,0.028206639
R1149_78,-0.34948823,-0.8841032,0.4654266
R1149_79,-0.28630176,-0.5857238,0.46814874
R1149_80,-1.2948784,-0.33816567,0.4885204
R1149_81,-0.9821605,-0.76163346,0.6840077
R1149_82,-0.8809996,-0.24319911,0.37001044
R1149_83,-0.4156702,-0.7663805,0.19701928
R1149_84,-0.7554185,-0.52339625,-0.083175085
R1149_85,-0.84725326,-0.81558096,-0.075749956
R1149_86,-0.6215572,-1.2283075,0.8950648
R1149_87,-0.31881142,-0.74942505,0.6322542
R1149_88,-0.8741301,-0.5931819,0.6284397
R1149_89,0.73144406,-1.0456201,0.5211534
R1149_90,0.8732973,0.009120144,0.5861158
R1149_91,1.1997768,-0.26244047,0.487595
R1149_92,0.38271666,0.2583948,0.8952654
R1149_93,0.7452056,-0.09139127,0.44898567
R1149_94,0.5041782,0.39086753,0.6874017
R1149_95,0.6685243,-0.2447967,0.10554952
R1149_96,1.0693908,-0.698627,0.03984978
R1149_97,1.3353013,-0.78536,-0.059461836
R1149_98,1.61173,-0.52791184,-0.32545498
R1149_99,1.7929027,-0.71540016,-0.00998535
R1149_100,1.2440574,-0.39918217,0.3659122
R1149_101,1.9334418,-0.4904468,0.21258584
R1149_102,1.591983,-0.86416036,-0.074807055
R1149_103,1.5746558,0.18037057,0.2578721
R1149_104,0.6204959,-1.0712123,0.20754164
R1149_105,0.3605889,0.01364018,-0.141056
R1149_106,0.63497216,-0.69542795,-0.064520024
R1149_107,0.946791,-0.2174387,-0.23568219
R1149_108,-0.4277047,-0.22841379,0.16129628
R1149_109,-0.16345628,0.42168602,-0.6755585
R1149_110,0.47787195,-0.30837885,0.02062168
R1149_111,0.9821572,0.1790388,0.052267224
R1149_112,0.32625985,-0.24032125,-0.88779104
R1149_113,0.10279918,0.20220092,-0.4277101
R1149_114,0.19324861,-0.5199321,-0.5545649
R1149_115,-0.15999754,-0.20280704,-1.3351802
R1149_116,-0.6860581,0.40363,-0.7690405
R1149_117,-0.50401634,0.7167698,-0.7209011
R1149_118,-0.8431148,0.3053989,-1.4736198
R1149_119,-0.85470194,0.33855858,-1.7078285
R1149_120,-0.48197284,-0.21959588,-1.4189087
R1149_121,-0.08540824,0.44151932,-2.3221998
R1149_122,-0.22178222,-0.2499122,-2.1546183
R1149_123,-0.9722537,0.047377862,-2.0596008
R1149_124,-1.1943679,-0.64484936,-2.1059418
R1156_1,-1.3292671,-0.62148315,-2.5096781
R1156_2,-0.9508001,-1.3347476,-1.990793
R1156_3,-0.6518782,-1.0549512,-1.9262402
R1156_4,-0.11795752,-0.7507959,-1.4729499
R1156_5,0.7182354,-0.32227778,-1.4149019
R1156_6,-0.06675175,-0.39633673,-1.9141246
R1156_7,0.45228928,0.30856505,-1.2015574
R1156_8,0.7958693,-0.24410033,-1.1199079
R1156_9,0.06849466,-0.23629215,-1.1211469
R1156_10,-0.11962436,-0.25398293,-0.967279
R1156_11,-0.54584575,-0.5319927,-0.5227063
R1156_12,-0.66491324,0.50638914,0.21690226
R1156_13,-0.74877894,0.15778998,-0.93517524
R1156_14,-1.023877,-0.37947586,-0.049402885
R1156_15,-0.037764266,-1.0011119,-0.79382193
R1156_16,-0.060312763,-0.94745535,-0.37904146
R1156_17,0.033397943,-0.82798856,0.17066717
R1156_18,0.87611234,-0.042256422,0.17578581
R1156_19,0.82661533,-0.77197105,-0.07885189
R1156_20,-0.5551883,-0.11351774,-0.45529112
R1156_21,-0.103372425,0.18205258,-1.1985042
R1156_22,-0.23172191,0.051391892,-0.3327614
R1156_23,-0.8610256,0.62726045,-0.03758266
R1156_24,0.08990054,-0.40425375,0.39317754
R1156_25,0.060390055,-0.2800652,0.56714135
R1156_26,0.058308303,0.48890403,0.0045441464
R1156_27,-0.8852366,0.14238754,-0.05991503
R1156_28,-0.7287269,-0.39502057,0.15032303
R1156_29,-0.43734738,0.41688082,-0.25348285
R1156_30,-0.39844814,1.217462,0.2849283
R1156_31,0.3437835,1.2251036,0.5581797
R1156_32,1.1067752,1.6784365,-0.22327772
R1156_33,0.2641242,1.2815621,0.019570895
R1156_34,1.5344318,0.9972312,0.13522658
R1156_35,1.0861195,1.4677885,-0.3094395
R1156_36,0.011733459,1.3315313,-0.33078852
R1156_37,0.03600584,0.60789216,-0.64096266
R1156_38,-0.7001253,1.2729518,-0.42160562
R1156_39,-1.1536456,1.1055999,0.362049
R1156_40,-0.91477996,1.2361135,-0.28735137
R1156_41,0.052936494,1.4147689,-0.45147684
R1156_42,0.48608714,1.6610732,0.411119
R1156_43,0.5199413,1.7980103,-0.16609776
R1156_44,1.0028936,1.8180516,-0.38480553
R1156_45,0.7514953,1.5132627,-0.11221789
R1156_46,0.67777276,1.2658559,-0.29250836
R1156_47,0.53470963,1.2114248,0.27294978
R1156_48,1.1039389,1.2359309,0.1733064
R1156_49,-0.34719262,1.3886921,-0.005770676
R1156_50,-0.50303215,0.8295277,0.22279206
R1156_51,-0.45018,0.63457835,-0.06292007
R1156_52,0.3142916,1.3395898,-0.23527193
R1156_53,0.056493953,0.6504456,0.02330298
R1156_54,0.61448056,1.339736,0.28049257
R1156_55,1.2219707,0.7785768,-0.31648704
R1156_56,1.2676661,0.77899367,1.1034296
R1156_57,0.69808143,0.90793467,0.3997446
R1156_58,0.16855894,1.0502746,1.1464875
R1156_59,0.52059877,0.6558143,0.7859035
R1156_60,-0.2050073,0.080681615,1.1862779
R1156_61,-0.3571242,0.4909738,0.71618974
R1156_62,-0.39360598,0.58276165,-0.27682963
R1156_63,0.48301214,0.4818767,0.90274364
R1156_64,0.23320056,-0.08230133,0.02150882
R1156_65,0.67184335,-0.09784085,0.039653063
R1156_66,-0.7965414,0.18146819,-0.46837604
R1156_67,-0.76419365,0.12511718,-0.1718638
R1156_68,-1.3531977,0.101170026,0.2225726
R1156_69,-1.0050657,-0.77929765,0.6513865
R1156_70,0.028216453,-0.52389103,0.64412135
R1156_71,-0.54406273,-0.8668583,0.22472641
R1156_72,-0.14136061,-0.53296995,0.69354075
R1156_73,0.37427428,-1.1065586,0.7428358
R1156_74,-0.0886379,-0.6658675,1.0372044
R1156_75,-0.1980332,-1.215852,1.017438
R1156_76,-0.24486461,-1.1386889,0.9242819
R1156_77,-1.4438368,-1.3108945,0.905037
R1156_78,-2.035246,-0.85164297,1.1126018
R1156_79,-1.5264021,-1.4785967,0.05377724
R1156_80,-1.1237811,-1.3454896,0.14535326
R1156_81,-1.3087243,-1.5732139,0.030958474
R1156_82,-1.2713295,-1.6346409,0.8037222
R1156_83,-1.2419903,-1.5160723,0.35223234
R1156_84,-0.8776879,-0.7708964,0.40340433
R1156_85,-0.9849096,-1.3463103,0.47996876
R1156_86,-1.2850753,-0.91904634,0.2621887
R1156_87,-1.1725907,-0.72720665,0.6698891
R1156_88,-1.6796536,-0.5399918,0.38843045
R1156_89,-1.4081743,-0.8375731,1.4272829
R1156_90,-0.7079762,-1.1978674,0.89861554
R1156_91,0.06544466,-0.8593735,0.55350137
R1156_92,0.2412637,-0.25724038,1.0604022
R1156_93,-0.21210198,-1.214402,0.7022988
R1156_94,1.0193132,-0.4097146,0.6951231
R1156_95,-0.66509384,-0.5131795,0.15749991
R1156_96,0.0757913,-0.21414858,0.19217122
R1156_97,0.6783747,-0.58879036,-0.31369194
R1156_98,0.79134744,-0.26026762,0.41225958
R1156_99,0.28643087,0.03940887,0.4265595
R1156_100,0.48402,-0.22915578,0.9771487
R1156_101,1.5008057,-0.7495317,0.18964118
R1156_102,0.7017304,-0.7823041,0.10580432
R1156_103,1.4596406,-0.5293775,0.27889922
R1156_104,0.9335264,0.005593173,0.44020075
R1156_105,1.223245,-0.85296047,0.63493484
R1156_106,1.2511593,-0.21650848,1.0601854
R1156_107,0.20201167,-0.062845714,0.726741
R1156_108,0.08698016,1.0389752,0.9451446
R1156_109,0.43716702,-0.16790557,1.0416113
R1156_110,0.43029383,-0.016083725,0.8179752
R1156_111,1.2418954,0.02339121,0.28374475
R1156_112,1.5371937,0.36765787,0.05515056
R1156_113,0.97461075,0.18216836,0.12476558
R1156_114,0.44946364,-0.6842229,0.04888264
R1156_115,0.39158857,-1.473414,-0.11625063
R1156_116,-0.19111001,-1.0378251,-0.42079526
R1156_117,-0.3206473,-0.6277308,-0.5087459
R1156_118,0.8025068,-1.0863926,-0.8346716
R1156_119,0.044407308,0.12664154,-1.0826356
R1156_120,-0.25258914,-0.11726836,-0.8902901
R1156_121,0.29087394,-0.010185398,-0.71134406
R1156_122,0.54337823,0.3697913,-0.73067564
R1156_123,1.3715777,-0.14571035,-0.0981291
R1156_124,0.080048576,0.6782344,-0.23353863
R1156_125,0.32011393,0.79171747,-0.047135957
R1156_126,0.48899108,1.005605,0.633125
R1156_127,-0.06358917,1.6989522,0.048070602
R1156_128,1.0771002,1.5904498,1.1240561
R1156_129,-0.7425606,-0.19124773,0.9822175
R1156_130,-0.36237207,-0.70027953,0.29089126
R1156_131,0.0050134975,-0.60203904,-0.5981825
R1156_132,0.87569404,-1.2411594,0.2165272
R1156_133,-0.92867315,-1.6337173,-0.91735727
R1156_134,0.71161574,-1.6005169,-0.6025736
R1156_135,0.08768694,-1.4803245,-1.6688237
R1189_1,1.2959565,-0.37052593,0.9559354
R1189_2,1.7091981,-0.19040176,0.924547
R1189_3,0.64503163,0.5061404,0.92851645
R1189_4,0.81565934,0.2935177,-0.27717385
R1189_5,0.23915304,0.94194853,0.15209481
R1189_6,0.2227387,1.4059128,0.27702275
R1189_7,0.5710933,0.5964839,-0.10710367
R1189_8,1.4568452,0.18289337,-0.20260587
R1189_9,1.5730168,0.18157178,0.4656711
R1189_10,1.6718007,0.08984508,0.21795434
R1189_11,1.3268398,0.42316553,0.10927553
R1189_12,1.4813865,-0.49468124,-0.22820032
R1189_13,0.53866094,0.2554556,0.4214618
R1189_14,1.0676643,0.5640041,0.8450721
R1189_15,0.88610476,0.9748701,0.7187134
R1189_16,0.62828547,0.64743143,0.9834164
R1189_17,0.633817,-0.43233266,0.17459276
R1189_18,0.54090583,0.95991415,0.9790799
R1189_19,0.121984586,0.17551842,1.1171001
R1189_20,0.47302637,-0.50380397,0.87035024
R1189_21,0.77091545,-0.85747206,0.6682055
R1189_22,0.58742744,-0.27577588,0.9802268
R1189_23,1.2616466,-0.11318792,1.0206811
R1189_24,0.80230993,0.039323278,1.1276209
R1189_25,0.59927016,0.061132155,1.0967011
R1189_26,0.93080956,-0.18527958,1.5974613
R1189_27,1.1854326,0.54740846,1.5920718
R1189_28,0.75649214,0.82289034,2.0538192
R1189_29,1.3359131,0.17756167,1.454831
R1189_30,0.63585,0.7686597,1.1734684
R1189_31,1.076491,0.7493053,0.6073507
R1189_32,1.0965885,0.82828337,1.0381914
R1189_33,1.2994198,0.39904854,0.8441721
R1189_34,1.6366735,0.5633715,0.7630308
R1189_35,1.4585526,-0.6582006,1.2339449
R1189_36,1.6022077,-0.49812552,0.6464714
R1189_37,0.77275354,-0.45177725,0.15040603
R1189_38,1.3510512,-1.0199203,0.68123627
R1189_39,0.9853985,-0.9778432,1.2392418
R1189_40,1.163283,-0.72532105,0.7001742
R1189_41,1.2058486,-1.1630951,0.8789008
R1189_42,0.5629368,-1.0642182,-0.035563014
R1189_43,0.9474552,-0.73980707,0.3117518
R1189_44,0.0998756,-0.27708164,0.53217924
R1189_45,0.2149996,-0.19198588,0.6302483
R1189_46,-0.26771975,0.028591804,0.0064139813
R1189_47,0.6916178,-0.59277457,1.2176931
R1189_48,-0.6149394,0.70407706,0.67461723
R1189_49,-0.7427538,-0.4297398,0.43916038
R1189_50,0.53708595,-0.28711003,0.79542387
R1189_51,-0.051107943,-0.4751889,1.0486786
R1189_52,0.2572186,-0.7684194,1.2706554
R1189_53,0.16605122,-0.48925737,1.1671311
R1189_54,0.014691828,-0.6581798,0.19685751
R1189_55,-0.4736655,-0.734878,0.18283206
R1189_56,-0.32599843,-0.81775415,1.0917958
R1189_57,-1.0507128,-0.4980823,-0.1477921
R1189_58,-0.06963044,-0.57405496,0.0583644
R1189_59,0.5207625,-0.7315317,0.17825499
R1189_60,-0.2853445,-1.1112685,-0.41400853
R1189_61,0.21495101,-0.7333691,-0.3674536
R1189_62,-0.27756757,-1.0168798,-0.11072766
R1189_63,-0.8733719,-1.3119254,-0.042786468
R1189_64,-0.037243545,-1.0028985,0.18447268
R1189_65,-0.65076584,-1.0949471,-0.56773406
R1189_66,-0.47775036,-1.5726041,-0.67856383
R1189_67,-0.18406875,-1.4675738,-0.063250415
R1189_68,-0.33412108,-1.1240271,-0.6959496
R1189_69,0.48149776,-1.557307,-0.2953578
R1189_70,-0.6764703,-1.2702658,-0.39511952
R1189_71,-0.96772325,-0.96816486,-0.8080024
R1189_72,-0.013648121,-0.83210284,-0.28071007
R1189_73,-0.49502906,-1.5942093,0.090518124
R1189_74,-0.09706876,-1.0142076,-0.01091969
R1189_75,-0.21275,-0.5857235,-0.04148101
R1189_76,-0.1893792,-0.63985986,-0.71117455
R1189_77,0.13823918,-0.87012815,-0.39537385
R1189_78,-0.13850938,-1.1084409,-1.0489559
R1189_79,-0.21438129,-0.6749606,-1.5348158
R1189_80,0.63228947,-0.5041593,-1.3134669
R1189_81,0.23291586,-0.35538387,-0.9826377
R1189_82,-0.3852948,0.43994597,-1.0515219
R1189_83,0.44010532,0.24827328,-0.8069371
R1189_84,0.070880435,-0.079620846,-0.91846627
R1189_85,0.1768281,-0.31248322,-0.8871646
R1189_86,-0.4250666,-0.23869541,-1.8123018
R1189_87,0.06654529,-0.16817114,-0.39805079
R1189_88,-0.65856653,0.085392915,-1.0691184
R1189_89,-0.81587976,0.25155514,-0.6474872
R1189_90,-1.1876254,0.40705016,-0.862082
R1189_91,-1.0283238,0.44686416,-0.56853944
R1189_92,-1.1063613,0.6541868,-1.1995786
R1189_93,-1.1633077,1.3025212,-0.9847069
R1189_94,-1.0843352,0.93198246,-0.98732024
R1189_95,-0.79689556,0.5089025,-0.7691158
R1189_96,-1.3919936,1.2615676,-0.89419407
R1189_97,-1.4278688,0.26764053,-1.5055318
R1189_98,-1.6145395,0.99663156,-1.2517607
R1189_99,-2.022811,0.9351528,-1.0819693
R1189_100,-1.7604122,0.7906498,-1.3695726
R1189_101,-1.6582423,1.3674928,-1.2282598
R1189_102,-1.1070989,1.6651906,-1.3207057
R1189_103,-1.9172027,1.0680494,-0.9150061
R1189_104,-1.6764503,1.1565602,-0.6408282
R1189_105,-1.4529821,0.971623,-1.3220496
R1189_106,-1.6932179,0.60583526,-0.817698
R1189_107,-1.7052974,0.50385284,-0.82604635
R1189_108,-1.5447701,0.59337604,-0.6771861
R1189_109,-1.5236088,0.55807126,-0.39821696
R1189_110,-0.9693501,0.71715105,-1.147023
R1189_111,-1.1659392,0.5702852,-0.9479034
R1189_112,-0.95578575,1.4944735,-1.1555623
R1189_113,-0.7270016,0.61989695,-0.60202295
R1189_114,0.22785316,0.46371835,-0.8143042
R1189_115,-0.5177555,0.6841739,-0.11976997
R1189_116,-0.22133833,0.15410477,-0.019712113
R1189_117,-1.1283827,0.40380588,-0.496829
R1189_118,-0.90166986,0.14592361,-1.5608082
R1190_1,1.2959565,-0.37052593,0.9559354
R1190_2,1.7091981,-0.19040176,0.924547
R1190_3,0.64503163,0.5061404,0.92851645
R1190_4,0.81565934,0.2935177,-0.27717385
R1190_5,0.23915304,0.94194853,0.15209481
R1190_6,0.2227387,1.4059128,0.27702275
R1190_7,0.5710933,0.5964839,-0.10710367
R1190_8,1.4568452,0.18289337,-0.20260587
R1190_9,1.5730168,0.18157178,0.4656711
R1190_10,1.6718007,0.08984508,0.21795434
R1190_11,1.3268398,0.42316553,0.10927553
R1190_12,1.4813865,-0.49468124,-0.22820032
R1190_13,0.53866094,0.2554556,0.4214618
R1190_14,1.0676643,0.5640041,0.8450721
R1190_15,0.88610476,0.9748701,0.7187134
R1190_16,0.62828547,0.64743143,0.9834164
R1190_17,0.633817,-0.43233266,0.17459276
R1190_18,0.54090583,0.95991415,0.9790799
R1190_19,0.121984586,0.17551842,1.1171001
R1190_20,0.47302637,-0.50380397,0.87035024
R1190_21,0.77091545,-0.85747206,0.6682055
R1190_22,0.58742744,-0.27577588,0.9802268
R1190_23,1.2616466,-0.11318792,1.0206811
R1190_24,0.80230993,0.039323278,1.1276209
R1190_25,0.59927016,0.061132155,1.0967011
R1190_26,0.93080956,-0.18527958,1.5974613
R1190_27,1.1854326,0.54740846,1.5920718
R1190_28,0.75649214,0.82289034,2.0538192
R1190_29,1.3359131,0.17756167,1.454831
R1190_30,0.63585,0.7686597,1.1734684
R1190_31,1.076491,0.7493053,0.6073507
R1190_32,1.0965885,0.82828337,1.0381914
R1190_33,1.2994198,0.39904854,0.8441721
R1190_34,1.6366735,0.5633715,0.7630308
R1190_35,1.4585526,-0.6582006,1.2339449
R1190_36,1.6022077,-0.49812552,0.6464714
R1190_37,0.77275354,-0.45177725,0.15040603
R1190_38,1.3510512,-1.0199203,0.68123627
R1190_39,0.9853985,-0.9778432,1.2392418
R1190_40,1.163283,-0.72532105,0.7001742
R1190_41,1.2058486,-1.1630951,0.8789008
R1190_42,0.5629368,-1.0642182,-0.035563014
R1190_43,0.9474552,-0.73980707,0.3117518
R1190_44,0.0998756,-0.27708164,0.53217924
R1190_45,0.2149996,-0.19198588,0.6302483
R1190_46,-0.26771975,0.028591804,0.0064139813
R1190_47,0.6916178,-0.59277457,1.2176931
R1190_48,-0.6149394,0.70407706,0.67461723
R1190_49,-0.7427538,-0.4297398,0.43916038
R1190_50,0.53708595,-0.28711003,0.79542387
R1190_51,-0.051107943,-0.4751889,1.0486786
R1190_52,0.2572186,-0.7684194,1.2706554
R1190_53,0.16605122,-0.48925737,1.1671311
R1190_54,0.014691828,-0.6581798,0.19685751
R1190_55,-0.4736655,-0.734878,0.18283206
R1190_56,-0.32599843,-0.81775415,1.0917958
R1190_57,-1.0507128,-0.4980823,-0.1477921
R1190_58,-0.06963044,-0.57405496,0.0583644
R1190_59,0.5207625,-0.7315317,0.17825499
R1190_60,-0.2853445,-1.1112685,-0.41400853
R1190_61,0.21495101,-0.7333691,-0.3674536
R1190_62,-0.27756757,-1.0168798,-0.11072766
R1190_63,-0.8733719,-1.3119254,-0.042786468
R1190_64,-0.037243545,-1.0028985,0.18447268
R1190_65,-0.65076584,-1.0949471,-0.56773406
R1190_66,-0.47775036,-1.5726041,-0.67856383
R1190_67,-0.18406875,-1.4675738,-0.063250415
R1190_68,-0.33412108,-1.1240271,-0.6959496
R1190_69,0.48149776,-1.557307,-0.2953578
R1190_70,-0.6764703,-1.2702658,-0.39511952
R1190_71,-0.96772325,-0.96816486,-0.8080024
R1190_72,-0.013648121,-0.83210284,-0.28071007
R1190_73,-0.49502906,-1.5942093,0.090518124
R1190_74,-0.09706876,-1.0142076,-0.01091969
R1190_75,-0.21275,-0.5857235,-0.04148101
R1190_76,-0.1893792,-0.63985986,-0.71117455
R1190_77,0.13823918,-0.87012815,-0.39537385
R1190_78,-0.13850938,-1.1084409,-1.0489559
R1190_79,-0.21438129,-0.6749606,-1.5348158
R1190_80,0.63228947,-0.5041593,-1.3134669
R1190_81,0.23291586,-0.35538387,-0.9826377
R1190_82,-0.3852948,0.43994597,-1.0515219
R1190_83,0.44010532,0.24827328,-0.8069371
R1190_84,0.070880435,-0.079620846,-0.91846627
R1190_85,0.1768281,-0.31248322,-0.8871646
R1190_86,-0.4250666,-0.23869541,-1.8123018
R1190_87,0.06654529,-0.16817114,-0.39805079
R1190_88,-0.65856653,0.085392915,-1.0691184
R1190_89,-0.81587976,0.25155514,-0.6474872
R1190_90,-1.1876254,0.40705016,-0.862082
R1190_91,-1.0283238,0.44686416,-0.56853944
R1190_92,-1.1063613,0.6541868,-1.1995786
R1190_93,-1.1633077,1.3025212,-0.9847069
R1190_94,-1.0843352,0.93198246,-0.98732024
R1190_95,-0.79689556,0.5089025,-0.7691158
R1190_96,-1.3919936,1.2615676,-0.89419407
R1190_97,-1.4278688,0.26764053,-1.5055318
R1190_98,-1.6145395,0.99663156,-1.2517607
R1190_99,-2.022811,0.9351528,-1.0819693
R1190_100,-1.7604122,0.7906498,-1.3695726
R1190_101,-1.6582423,1.3674928,-1.2282598
R1190_102,-1.1070989,1.6651906,-1.3207057
R1190_103,-1.9172027,1.0680494,-0.9150061
R1190_104,-1.6764503,1.1565602,-0.6408282
R1190_105,-1.4529821,0.971623,-1.3220496
R1190_106,-1.6932179,0.60583526,-0.817698
R1190_107,-1.7052974,0.50385284,-0.82604635
R1190_108,-1.5447701,0.59337604,-0.6771861
R1190_109,-1.5236088,0.55807126,-0.39821696
R1190_110,-0.9693501,0.71715105,-1.147023
R1190_111,-1.1659392,0.5702852,-0.9479034
R1190_112,-0.95578575,1.4944735,-1.1555623
R1190_113,-0.7270016,0.61989695,-0.60202295
R1190_114,0.22785316,0.46371835,-0.8143042
R1190_115,-0.5177555,0.6841739,-0.11976997
R1190_116,-0.22133833,0.15410477,-0.019712113
R1190_117,-1.1283827,0.40380588,-0.496829
R1190_118,-0.90166986,0.14592361,-1.5608082
